DATE,LOCATION,SPECIES,monarch egg total,monarch larvae total,ant general total,LASIUS NEONIGER,FORMICA SUBSERICEA,FORMICA PALLIDEFULVA,MYZOCALLIS ASCLEPIADIS,APHIS NERII,aphid total
6/23/21,HS,SYRIACA,0,0,15,15,0,0,300,0,300
6/23/21,HS,SYRIACA,0,0,5,5,0,0,40,0,40
6/23/21,HS,SYRIACA,1,0,10,10,0,0,600,0,600
6/23/21,HS,SYRIACA,0,0,0,0,0,0,575,0,575
6/23/21,HS,SYRIACA,0,0,11,0,0,0,45,0,45
6/23/21,HS,INCARNATA,0,0,0,0,0,0,0,0,0
6/23/21,HS,TUBEROSA,0,0,0,0,0,0,0,0,0
6/23/21,HS,TUBEROSA,0,0,0,0,0,0,0,0,0
6/23/21,HS,TUBEROSA,0,0,4,4,0,0,0,0,0
6/23/21,HS,TUBEROSA,0,0,1,1,0,0,0,0,0
6/23/21,HS,TUBEROSA,0,0,0,0,0,0,0,0,0
6/23/21,AN,SYRIACA,0,0,20,0,0,20,20,0,20
6/23/21,AN,SYRIACA,0,0,1,0,0,1,0,0,0
6/23/21,AN,SYRIACA,0,0,0,0,0,0,0,0,0
6/23/21,AN,SYRIACA,0,0,0,0,0,0,25,0,25
6/23/21,AN,SYRIACA,0,0,2,0,2,0,0,0,0
6/23/21,AN,INCARNATA,0,0,0,0,0,0,0,0,0
6/23/21,AN,INCARNATA,0,0,0,0,0,0,0,0,0
6/23/21,AN,INCARNATA,0,0,0,0,0,0,0,0,0
6/23/21,AN,INCARNATA,0,0,0,0,0,0,0,0,0
6/23/21,AN,INCARNATA,0,0,0,0,0,0,0,0,0
6/23/21,AN,TUBEROSA,0,0,0,0,0,0,0,0,0
6/23/21,AN,TUBEROSA,0,0,1,0,0,0,0,0,0
6/23/21,AN,TUBEROSA,0,0,0,0,0,0,0,0,0
6/23/21,AN,TUBEROSA,0,0,0,0,0,0,0,0,0
6/23/21,AN,TUBEROSA,0,0,0,0,0,0,0,0,0
6/23/21,EB,SYRIACA,0,0,0,0,0,0,0,0,0
6/23/21,EB,SYRIACA,0,0,0,0,0,0,0,0,0
6/23/21,EB,SYRIACA,0,0,2,0,0,0,10,0,10
6/23/21,EB,SYRIACA,0,0,0,0,0,0,8,0,8
6/23/21,EB,SYRIACA,0,0,0,0,0,0,0,0,0
6/23/21,EB,INCARNATA,0,0,0,0,0,0,0,0,0
6/23/21,EB,TUBEROSA,0,0,0,0,0,0,0,0,0
6/23/21,EB,TUBEROSA,0,0,0,0,0,0,0,0,0
6/23/21,EB,TUBEROSA,0,0,1,1,0,0,0,0,0
6/23/21,EB,TUBEROSA,0,0,0,0,0,0,0,0,0
6/23/21,EB,TUBEROSA,0,0,0,0,0,0,0,0,0
6/23/21,AW,SYRIACA,0,0,0,0,0,0,0,0,0
6/23/21,AW,SYRIACA,0,0,0,0,0,0,0,0,0
6/23/21,AW,SYRIACA,0,0,3,0,0,0,70,0,70
6/23/21,AW,SYRIACA,0,0,1,0,0,0,35,0,35
6/23/21,AW,SYRIACA,0,0,4,0,3,0,40,0,40
6/23/21,AW,INCARNATA,0,0,0,0,0,0,0,0,0
6/23/21,AW,INCARNATA,0,0,0,0,0,0,0,0,0
6/23/21,AW,INCARNATA,0,0,0,0,0,0,0,0,0
6/23/21,AW,INCARNATA,0,0,0,0,0,0,0,0,0
6/23/21,AW,INCARNATA,0,0,0,0,0,0,0,0,0
6/23/21,AW,TUBEROSA,0,0,0,0,0,0,0,0,0
6/23/21,AW,TUBEROSA,0,0,0,0,0,0,0,0,0
6/23/21,AW,TUBEROSA,0,0,0,0,0,0,0,0,0
6/23/21,AW,TUBEROSA,0,0,0,0,0,0,0,0,0
6/23/21,AW,TUBEROSA,0,0,0,0,0,0,0,0,0
6/23/21,AB,SYRIACA,0,0,0,0,0,0,0,0,0
6/23/21,AB,SYRIACA,0,0,0,0,0,0,0,0,0
6/23/21,AB,SYRIACA,0,0,2,0,0,0,48,0,48
6/23/21,AB,SYRIACA,0,0,7,0,0,0,70,0,70
6/23/21,AB,SYRIACA,0,0,0,0,0,0,25,0,25
6/23/21,AB,INCARNATA,0,0,0,0,0,0,0,0,0
6/23/21,AB,INCARNATA,0,0,0,0,0,0,0,0,0
6/23/21,AB,INCARNATA,0,0,0,0,0,0,0,0,0
6/23/21,AB,INCARNATA,0,0,0,0,0,0,0,0,0
6/23/21,AB,INCARNATA,0,0,0,0,0,0,0,0,0
6/23/21,AB,TUBEROSA,0,0,0,0,0,0,0,0,0
6/23/21,AB,TUBEROSA,0,0,0,0,0,0,0,0,0
6/23/21,AB,TUBEROSA,0,0,0,0,0,0,0,0,0
6/23/21,AB,TUBEROSA,0,0,0,0,0,0,0,0,0
6/23/21,AB,TUBEROSA,0,0,0,0,0,0,0,0,0
6/23/21,JY,SYRIACA,0,0,5,0,0,0,1515,0,1515
6/23/21,JY,SYRIACA,0,0,1,0,0,0,1500,0,1500
6/23/21,JY,SYRIACA,0,0,4,0,0,0,350,0,350
6/23/21,JY,SYRIACA,1,0,4,0,0,0,515,0,515
6/23/21,JY,SYRIACA,0,0,2,0,0,0,550,0,550
6/23/21,JY,INCARNATA,0,0,0,0,0,0,11,0,11
6/23/21,JY,INCARNATA,0,0,0,0,0,0,2,0,2
6/23/21,JY,INCARNATA,0,0,0,0,0,0,10,0,10
6/23/21,JY,INCARNATA,0,0,1,0,0,0,0,0,0
6/23/21,JY,INCARNATA,0,0,0,0,0,0,0,0,0
6/23/21,JY,TUBEROSA,0,0,4,4,0,0,0,0,0
6/23/21,JY,TUBEROSA,0,0,0,0,0,0,0,0,0
6/23/21,JY,TUBEROSA,0,0,0,0,0,0,0,0,0
6/23/21,JY,TUBEROSA,0,0,0,0,0,0,0,0,0
6/23/21,JY,TUBEROSA,0,0,0,0,0,0,0,0,0
6/23/21,LP,SYRIACA,0,0,0,0,0,0,66,0,66
6/23/21,LP,SYRIACA,0,0,0,0,0,0,0,0,0
6/23/21,LP,SYRIACA,0,0,0,0,0,0,4,0,4
6/23/21,LP,SYRIACA,0,0,1,0,0,0,20,0,20
6/23/21,LP,SYRIACA,0,0,0,0,0,0,4,0,4
6/23/21,LP,INCARNATA,0,0,0,0,0,0,0,0,0
6/23/21,LP,INCARNATA,0,0,0,0,0,0,0,0,0
6/23/21,LP,INCARNATA,0,0,0,0,0,0,0,0,0
6/23/21,LP,INCARNATA,0,0,0,0,0,0,0,0,0
6/23/21,LP,INCARNATA,0,0,0,0,0,0,0,0,0
6/23/21,LP,TUBEROSA,0,0,0,0,0,0,1,0,1
6/23/21,ST,SYRIACA,0,0,0,0,0,0,675,0,675
6/23/21,ST,SYRIACA,0,0,0,0,0,0,975,0,975
6/23/21,ST,SYRIACA,0,0,0,0,0,0,325,0,325
6/23/21,ST,SYRIACA,0,0,2,0,0,0,750,0,750
6/23/21,ST,SYRIACA,0,0,0,0,0,0,215,0,215
6/23/21,ST,INCARNATA,0,0,0,0,0,0,0,0,0
6/23/21,ST,INCARNATA,0,0,0,0,0,0,0,0,0
6/23/21,ST,INCARNATA,0,0,0,0,0,0,0,0,0
6/23/21,ST,INCARNATA,0,0,0,0,0,0,0,0,0
6/23/21,ST,INCARNATA,0,0,0,0,0,0,0,0,0
6/23/21,ST,TUBEROSA,0,0,0,0,0,0,0,0,0
6/23/21,ST,TUBEROSA,0,0,0,0,0,0,0,0,0
6/23/21,ST,TUBEROSA,0,0,0,0,0,0,0,0,0
6/23/21,ST,TUBEROSA,0,0,0,0,0,0,0,0,0
6/23/21,ST,TUBEROSA,0,0,0,0,0,0,0,0,0
6/23/21,SH,SYRIACA,0,0,0,0,0,0,2,0,2
6/23/21,SH,SYRIACA,0,0,0,0,0,0,0,0,0
6/23/21,SH,SYRIACA,0,0,1,0,0,0,0,0,0
6/23/21,SH,SYRIACA,0,0,0,0,0,0,0,0,0
6/23/21,SH,SYRIACA,0,0,0,0,0,0,0,0,0
6/23/21,SH,INCARNATA,0,0,0,0,0,0,0,0,0
6/23/21,SH,INCARNATA,0,0,0,0,0,0,0,0,0
6/23/21,SH,INCARNATA,0,0,0,0,0,0,0,0,0
6/23/21,SH,INCARNATA,0,0,0,0,0,0,0,0,0
6/23/21,SH,INCARNATA,0,0,0,0,0,0,0,0,0
6/23/21,SH,TUBEROSA,0,0,0,0,0,0,0,0,0
6/23/21,SH,TUBEROSA,0,0,0,0,0,0,0,0,0
6/23/21,SH,TUBEROSA,0,0,0,0,0,0,0,0,0
6/23/21,SH,TUBEROSA,0,0,0,0,0,0,0,0,0
6/23/21,SH,TUBEROSA,0,0,0,0,0,0,0,0,0
6/29/21,HS,INCARNATA,0,0,0,0,0,0,0,0,0
6/29/21,HS,SYRIACA,0,0,1,1,0,0,20,0,20
6/29/21,HS,SYRIACA,0,0,50,0,0,0,1250,0,1250
6/29/21,HS,SYRIACA,0,0,1,0,0,0,1,0,1
6/29/21,HS,SYRIACA,0,0,25,0,4,0,3,0,3
6/29/21,HS,SYRIACA,0,0,3,0,0,0,17,0,17
6/29/21,HS,TUBEROSA,0,0,0,0,0,0,0,0,0
6/29/21,HS,TUBEROSA,0,0,0,0,0,0,0,0,0
6/29/21,HS,TUBEROSA,0,0,0,0,0,0,0,0,0
6/29/21,HS,TUBEROSA,0,0,3,3,0,0,0,0,0
6/29/21,HS,TUBEROSA,0,0,0,0,0,0,0,0,0
6/29/21,WE,SYRIACA,0,0,0,0,0,0,52,0,52
6/29/21,WE,SYRIACA,0,0,25,0,0,0,75,0,75
6/29/21,WE,SYRIACA,0,0,0,0,0,0,35,0,35
6/29/21,WE,SYRIACA,0,0,0,0,0,0,120,0,120
6/29/21,WE,SYRIACA,0,0,0,0,0,0,205,0,205
6/29/21,WE,TUBEROSA,0,0,0,0,0,0,0,0,0
6/29/21,WE,TUBEROSA,0,0,0,0,0,0,0,0,0
6/29/21,WE,TUBEROSA,0,0,0,0,0,0,0,0,0
6/29/21,WE,TUBEROSA,0,0,0,0,0,0,0,0,0
6/29/21,WE,TUBEROSA,0,0,0,0,0,0,0,0,0
6/29/21,AN,INCARNATA,0,0,0,0,0,0,0,0,0
6/29/21,AN,INCARNATA,0,0,0,0,0,0,0,0,0
6/29/21,AN,INCARNATA,0,0,0,0,0,0,0,0,0
6/29/21,AN,INCARNATA,0,0,0,0,0,0,0,0,0
6/29/21,AN,INCARNATA,0,0,0,0,0,0,0,0,0
6/29/21,AN,SYRIACA,0,0,5,0,0,5,15,0,15
6/29/21,AN,SYRIACA,0,0,1,0,0,1,15,0,15
6/29/21,AN,SYRIACA,0,0,3,0,0,3,30,0,30
6/29/21,AN,SYRIACA,0,0,0,0,0,0,13,0,13
6/29/21,AN,SYRIACA,0,0,0,0,0,0,3,0,3
6/29/21,AN,TUBEROSA,0,0,0,0,0,0,0,0,0
6/29/21,AN,TUBEROSA,0,0,0,0,0,0,0,0,0
6/29/21,AN,TUBEROSA,0,0,0,0,0,0,0,0,0
6/29/21,AN,TUBEROSA,0,0,0,0,0,0,0,0,0
6/29/21,AN,TUBEROSA,0,0,0,0,0,0,0,0,0
6/29/21,EB,INCARNATA,0,0,0,0,0,0,0,0,0
6/29/21,EB,INCARNATA,0,0,0,0,0,0,0,0,0
6/29/21,EB,SYRIACA,0,0,0,0,0,0,45,0,45
6/29/21,EB,SYRIACA,0,0,0,0,0,0,19,0,19
6/29/21,EB,SYRIACA,0,0,0,0,0,0,0,0,0
6/29/21,EB,SYRIACA,0,0,0,0,0,0,0,0,0
6/29/21,EB,SYRIACA,0,0,0,0,0,0,0,0,0
6/29/21,EB,TUBEROSA,0,0,3,3,0,0,0,0,0
6/29/21,EB,TUBEROSA,0,0,0,0,0,0,0,0,0
6/29/21,EB,TUBEROSA,0,0,0,0,0,0,0,0,0
6/29/21,EB,TUBEROSA,0,0,0,0,0,0,0,0,0
6/29/21,EB,TUBEROSA,0,0,0,0,0,0,0,0,0
6/29/21,AB,INCARNATA,0,0,0,0,0,0,0,0,0
6/29/21,AB,INCARNATA,0,0,0,0,0,0,0,0,0
6/29/21,AB,INCARNATA,0,0,0,0,0,0,0,0,0
6/29/21,AB,INCARNATA,0,0,0,0,0,0,0,0,0
6/29/21,AB,INCARNATA,0,0,0,0,0,0,0,0,0
6/29/21,AB,SYRIACA,0,0,3,0,0,0,35,0,35
6/29/21,AB,SYRIACA,0,0,0,0,0,0,12,0,12
6/29/21,AB,SYRIACA,0,0,0,0,0,0,35,0,35
6/29/21,AB,SYRIACA,0,0,0,0,0,0,5,0,5
6/29/21,AB,SYRIACA,0,0,25,25,0,0,0,0,0
6/29/21,AB,TUBEROSA,0,0,0,0,0,0,9,0,9
6/29/21,AB,TUBEROSA,0,0,0,0,0,0,1,0,1
6/29/21,AB,TUBEROSA,0,0,9,9,0,0,5,0,5
6/29/21,AB,TUBEROSA,0,0,0,0,0,0,0,0,0
6/29/21,AB,TUBEROSA,0,0,0,0,0,0,0,0,0
6/29/21,JY,INCARNATA,0,0,0,0,0,0,8,0,8
6/29/21,JY,INCARNATA,1,0,0,0,0,0,1,0,1
6/29/21,JY,INCARNATA,0,0,0,0,0,0,5,0,5
6/29/21,JY,INCARNATA,0,0,0,0,0,0,0,0,0
6/29/21,JY,INCARNATA,0,0,0,0,0,0,0,0,0
6/29/21,JY,SYRIACA,0,0,1,0,1,0,265,0,265
6/29/21,JY,SYRIACA,0,0,0,0,0,0,640,0,640
6/29/21,JY,SYRIACA,0,0,1,0,0,0,1100,0,1100
6/29/21,JY,SYRIACA,0,0,2,0,0,0,1400,0,1400
6/29/21,JY,SYRIACA,0,0,0,0,0,0,805,0,805
6/29/21,JY,TUBEROSA,0,0,1,1,0,0,0,0,0
6/29/21,JY,TUBEROSA,0,0,0,0,0,0,0,0,0
6/29/21,JY,TUBEROSA,0,0,6,6,0,0,0,0,0
6/29/21,JY,TUBEROSA,0,0,2,2,0,0,0,0,0
6/29/21,JY,TUBEROSA,0,0,1,1,0,0,0,0,0
6/29/21,SH,INCARNATA,0,0,0,0,0,0,0,0,0
6/29/21,SH,INCARNATA,0,0,0,0,0,0,0,0,0
6/29/21,SH,INCARNATA,1,0,0,0,0,0,0,0,0
6/29/21,SH,INCARNATA,0,0,0,0,0,0,0,0,0
6/29/21,SH,INCARNATA,0,0,0,0,0,0,0,0,0
6/29/21,SH,SYRIACA,0,0,0,0,0,0,0,0,0
6/29/21,SH,SYRIACA,0,0,0,0,0,0,0,0,0
6/29/21,SH,SYRIACA,0,0,0,0,0,0,10,0,10
6/29/21,SH,SYRIACA,0,0,0,0,0,0,0,0,0
6/29/21,SH,SYRIACA,0,0,0,0,0,0,5,0,5
6/29/21,SH,TUBEROSA,0,0,0,0,0,0,0,0,0
6/29/21,SH,TUBEROSA,0,0,0,0,0,0,0,0,0
6/29/21,SH,TUBEROSA,0,0,0,0,0,0,0,0,0
6/29/21,SH,TUBEROSA,0,0,0,0,0,0,0,0,0
6/29/21,SH,TUBEROSA,0,0,0,0,0,0,0,0,0
6/29/21,ST,INCARNATA,0,0,3,3,0,0,0,0,0
6/29/21,ST,INCARNATA,0,0,0,0,0,0,0,0,0
6/29/21,ST,INCARNATA,0,0,0,0,0,0,0,0,0
6/29/21,ST,INCARNATA,0,0,0,0,0,0,0,0,0
6/29/21,ST,INCARNATA,0,0,0,0,0,0,0,0,0
6/29/21,ST,SYRIACA,0,0,0,0,0,0,50,0,50
6/29/21,ST,SYRIACA,0,0,0,0,0,0,3,0,3
6/29/21,ST,SYRIACA,0,0,0,0,0,0,825,0,825
6/29/21,ST,SYRIACA,0,0,0,0,0,0,270,0,270
6/29/21,ST,SYRIACA,0,0,0,0,0,0,82,0,82
6/29/21,ST,TUBEROSA,0,0,0,0,0,0,0,0,0
6/29/21,ST,TUBEROSA,0,0,0,0,0,0,0,0,0
6/29/21,ST,TUBEROSA,0,0,0,0,0,0,0,0,0
6/29/21,ST,TUBEROSA,0,0,0,0,0,0,0,0,0
6/29/21,ST,TUBEROSA,0,0,0,0,0,0,0,0,0
6/29/21,LP,INCARNATA,0,0,0,0,0,0,0,0,0
6/29/21,LP,INCARNATA,0,0,0,0,0,0,0,0,0
6/29/21,LP,INCARNATA,0,0,0,0,0,0,0,0,0
6/29/21,LP,INCARNATA,0,0,0,0,0,0,0,0,0
6/29/21,LP,INCARNATA,0,0,0,0,0,0,0,0,0
6/29/21,LP,SYRIACA,0,0,0,0,0,0,0,0,0
6/29/21,LP,SYRIACA,1,0,0,0,0,0,0,0,0
6/29/21,LP,SYRIACA,0,0,0,0,0,0,0,0,0
6/29/21,LP,SYRIACA,0,0,0,0,0,0,0,0,0
6/29/21,LP,SYRIACA,0,0,0,0,0,0,15,0,15
6/29/21,LP,TUBEROSA,0,0,0,0,0,0,0,0,0
6/29/21,AW,INCARNATA,0,0,0,0,0,0,0,0,0
6/29/21,AW,INCARNATA,0,0,0,0,0,0,0,0,0
6/29/21,AW,INCARNATA,0,0,0,0,0,0,0,0,0
6/29/21,AW,INCARNATA,0,0,0,0,0,0,0,0,0
6/29/21,AW,INCARNATA,0,0,0,0,0,0,0,0,0
6/29/21,AW,SYRIACA,0,0,14,0,0,3,7,0,7
6/29/21,AW,SYRIACA,0,0,1,0,0,1,9,0,9
6/29/21,AW,SYRIACA,0,0,0,0,0,0,25,0,25
6/29/21,AW,SYRIACA,0,0,2,1,0,1,34,0,34
6/29/21,AW,SYRIACA,0,0,2,0,0,2,11,0,11
6/29/21,AW,TUBEROSA,0,0,0,0,0,0,0,0,0
6/29/21,AW,TUBEROSA,0,0,0,0,0,0,0,0,0
6/29/21,AW,TUBEROSA,0,0,0,0,0,0,0,0,0
6/29/21,AW,TUBEROSA,0,0,0,0,0,0,0,0,0
6/29/21,AW,TUBEROSA,0,0,0,0,0,0,0,0,0
7/6/21,HS,INCARNATA,0,0,0,0,0,0,0,0,0
7/6/21,HS,SYRIACA,0,0,2,2,0,0,25,0,25
7/6/21,HS,SYRIACA,0,0,11,8,0,0,82,0,82
7/6/21,HS,SYRIACA,0,0,15,15,0,0,225,0,225
7/6/21,HS,SYRIACA,0,0,10,3,2,0,6,0,6
7/6/21,HS,SYRIACA,0,0,2,0,0,0,9,0,9
7/6/21,HS,TUBEROSA,0,0,0,0,0,0,0,0,0
7/6/21,HS,TUBEROSA,0,0,0,0,0,0,0,0,0
7/6/21,HS,TUBEROSA,0,0,0,0,0,0,0,0,0
7/6/21,HS,TUBEROSA,0,0,0,0,0,0,0,0,0
7/6/21,HS,TUBEROSA,0,0,6,6,0,0,0,0,0
7/6/21,AN,INCARNATA,0,0,0,0,0,0,0,0,0
7/6/21,AN,INCARNATA,0,0,0,0,0,0,0,0,0
7/6/21,AN,INCARNATA,0,0,0,0,0,0,0,0,0
7/6/21,AN,INCARNATA,0,0,0,0,0,0,0,0,0
7/6/21,AN,INCARNATA,0,0,0,0,0,0,0,0,0
7/6/21,AN,SYRIACA,0,0,7,0,0,7,15,0,15
7/6/21,AN,SYRIACA,0,0,1,0,0,1,4,0,4
7/6/21,AN,SYRIACA,0,0,2,0,0,1,7,0,7
7/6/21,AN,SYRIACA,0,0,1,0,0,0,7,0,7
7/6/21,AN,SYRIACA,0,0,10,0,0,10,53,0,53
7/6/21,AN,TUBEROSA,0,0,3,0,1,0,0,0,0
7/6/21,AN,TUBEROSA,0,0,0,0,0,0,0,0,0
7/6/21,AN,TUBEROSA,0,0,0,0,0,0,0,0,0
7/6/21,AN,TUBEROSA,0,0,0,0,0,0,0,0,0
7/6/21,AN,TUBEROSA,0,0,0,0,0,0,0,0,0
7/6/21,EB,INCARNATA,0,0,0,0,0,0,0,0,0
7/6/21,EB,INCARNATA,0,0,0,0,0,0,0,0,0
7/6/21,EB,SYRIACA,1,0,0,0,0,0,17,0,17
7/6/21,EB,SYRIACA,0,0,0,0,0,0,0,0,0
7/6/21,EB,SYRIACA,0,0,2,0,0,0,14,0,14
7/6/21,EB,SYRIACA,1,0,0,0,0,0,0,0,0
7/6/21,EB,SYRIACA,1,0,0,0,0,0,8,0,8
7/6/21,EB,TUBEROSA,0,1,0,0,0,0,0,0,0
7/6/21,EB,TUBEROSA,0,0,3,0,0,2,0,0,0
7/6/21,EB,TUBEROSA,3,1,0,0,0,0,0,0,0
7/6/21,EB,TUBEROSA,0,0,0,0,0,0,0,0,0
7/6/21,EB,TUBEROSA,2,0,0,0,0,0,0,0,0
7/6/21,AW,INCARNATA,0,0,0,0,0,0,0,0,0
7/6/21,AW,INCARNATA,0,0,0,0,0,0,0,0,0
7/6/21,AW,INCARNATA,0,0,0,0,0,0,0,0,0
7/6/21,AW,INCARNATA,0,0,0,0,0,0,0,0,0
7/6/21,AW,INCARNATA,0,0,0,0,0,0,0,0,0
7/6/21,AW,SYRIACA,0,0,31,0,0,1,23,0,23
7/6/21,AW,SYRIACA,0,0,0,0,0,0,28,0,28
7/6/21,AW,SYRIACA,0,0,1,0,0,0,19,0,19
7/6/21,AW,SYRIACA,0,0,0,0,0,0,2,0,2
7/6/21,AW,SYRIACA,0,0,2,2,0,0,0,0,0
7/6/21,AW,TUBEROSA,0,0,0,0,0,0,0,0,0
7/6/21,AW,TUBEROSA,0,0,0,0,0,0,0,0,0
7/6/21,AW,TUBEROSA,0,0,0,0,0,0,0,0,0
7/6/21,AW,TUBEROSA,0,0,0,0,0,0,0,0,0
7/6/21,AW,TUBEROSA,0,0,0,0,0,0,0,0,0
7/6/21,AB,INCARNATA,0,0,0,0,0,0,0,0,0
7/6/21,AB,INCARNATA,0,0,0,0,0,0,0,0,0
7/6/21,AB,INCARNATA,0,0,0,0,0,0,0,0,0
7/6/21,AB,INCARNATA,0,0,0,0,0,0,0,0,0
7/6/21,AB,INCARNATA,0,0,0,0,0,0,0,0,0
7/6/21,AB,SYRIACA,0,0,25,25,0,0,14,0,14
7/6/21,AB,SYRIACA,0,0,2,2,0,0,0,0,0
7/6/21,AB,SYRIACA,0,0,1,1,0,0,4,0,4
7/6/21,AB,SYRIACA,0,0,0,0,0,0,146,0,146
7/6/21,AB,SYRIACA,0,0,0,0,0,0,21,0,21
7/6/21,AB,TUBEROSA,0,0,3,3,0,0,0,0,0
7/6/21,AB,TUBEROSA,0,0,1,1,0,0,0,0,0
7/6/21,AB,TUBEROSA,0,0,0,0,0,0,0,0,0
7/6/21,AB,TUBEROSA,0,0,2,2,0,0,0,0,0
7/6/21,AB,TUBEROSA,0,0,0,0,0,0,1,0,1
7/6/21,WE,SYRIACA,0,0,0,0,0,0,0,0,0
7/6/21,WE,SYRIACA,0,0,0,0,0,0,63,0,63
7/6/21,WE,SYRIACA,0,0,0,0,0,0,57,0,57
7/6/21,WE,SYRIACA,0,0,0,0,0,0,32,0,32
7/6/21,WE,SYRIACA,0,0,0,0,0,0,82,0,82
7/6/21,WE,TUBEROSA,0,0,0,0,0,0,0,0,0
7/6/21,WE,TUBEROSA,0,0,0,0,0,0,0,0,0
7/6/21,WE,TUBEROSA,0,0,0,0,0,0,0,0,0
7/6/21,WE,TUBEROSA,0,0,0,0,0,0,0,0,0
7/6/21,WE,TUBEROSA,0,0,0,0,0,0,0,0,0
7/6/21,JY,INCARNATA,0,0,1,0,0,0,0,0,0
7/6/21,JY,INCARNATA,0,0,1,0,0,0,5,0,5
7/6/21,JY,INCARNATA,1,0,0,0,0,0,1,0,1
7/6/21,JY,INCARNATA,0,0,0,0,0,0,0,0,0
7/6/21,JY,INCARNATA,0,0,0,0,0,0,0,0,0
7/6/21,JY,SYRIACA,0,0,1,0,0,0,325,0,325
7/6/21,JY,SYRIACA,0,0,0,0,0,0,215,0,215
7/6/21,JY,SYRIACA,0,0,2,0,0,0,830,0,830
7/6/21,JY,SYRIACA,0,0,1,0,0,0,1845,0,1845
7/6/21,JY,SYRIACA,0,0,0,0,0,0,820,0,820
7/6/21,JY,TUBEROSA,0,0,1,1,0,0,0,0,0
7/6/21,JY,TUBEROSA,0,0,6,6,0,0,0,0,0
7/6/21,JY,TUBEROSA,0,0,1,1,0,0,0,0,0
7/6/21,JY,TUBEROSA,0,0,0,0,0,0,0,0,0
7/6/21,JY,TUBEROSA,0,0,0,0,0,0,0,0,0
7/6/21,LP,INCARNATA,0,0,0,0,0,0,0,0,0
7/6/21,LP,INCARNATA,4,0,0,0,0,0,0,0,0
7/6/21,LP,INCARNATA,0,0,0,0,0,0,0,0,0
7/6/21,LP,INCARNATA,1,0,0,0,0,0,0,0,0
7/6/21,LP,INCARNATA,0,0,0,0,0,0,0,0,0
7/6/21,LP,SYRIACA,2,0,0,0,0,0,14,0,14
7/6/21,LP,SYRIACA,2,0,7,0,0,0,25,0,25
7/6/21,LP,SYRIACA,2,0,0,0,0,0,3,0,3
7/6/21,LP,SYRIACA,0,0,0,0,0,0,6,0,6
7/6/21,LP,SYRIACA,0,0,0,0,0,0,16,0,16
7/6/21,LP,TUBEROSA,0,0,0,0,0,0,0,0,0
7/6/21,ST,SYRIACA,0,0,4,0,0,0,65,0,65
7/6/21,ST,SYRIACA,0,0,0,0,0,0,24,0,24
7/6/21,ST,SYRIACA,0,0,0,0,0,0,190,0,190
7/6/21,ST,SYRIACA,0,0,0,0,0,0,0,0,0
7/6/21,ST,SYRIACA,0,0,7,0,1,0,316,0,316
7/6/21,ST,INCARNATA,1,0,0,0,0,0,0,0,0
7/6/21,ST,INCARNATA,0,0,0,0,0,0,4,0,4
7/6/21,ST,INCARNATA,0,0,0,0,0,0,6,0,6
7/6/21,ST,INCARNATA,0,0,0,0,0,0,0,0,0
7/6/21,ST,INCARNATA,0,0,0,0,0,0,0,0,0
7/6/21,ST,TUBEROSA,0,0,0,0,0,0,0,0,0
7/6/21,ST,TUBEROSA,0,0,0,0,0,0,0,0,0
7/6/21,ST,TUBEROSA,0,0,0,0,0,0,0,0,0
7/6/21,ST,TUBEROSA,0,0,0,0,0,0,0,0,0
7/6/21,ST,TUBEROSA,0,0,0,0,0,0,0,0,0
7/6/21,SH,INCARNATA,4,0,0,0,0,0,0,0,0
7/6/21,SH,INCARNATA,4,1,0,0,0,0,0,0,0
7/6/21,SH,INCARNATA,0,0,0,0,0,0,0,0,0
7/6/21,SH,INCARNATA,7,0,0,0,0,0,0,0,0
7/6/21,SH,INCARNATA,6,0,0,0,0,0,0,0,0
7/6/21,SH,SYRIACA,0,0,0,0,0,0,0,0,0
7/6/21,SH,SYRIACA,0,0,0,0,0,0,0,0,0
7/6/21,SH,SYRIACA,0,0,0,0,0,0,0,0,0
7/6/21,SH,SYRIACA,1,0,0,0,0,0,0,0,0
7/6/21,SH,SYRIACA,1,0,0,0,0,0,0,0,0
7/6/21,SH,TUBEROSA,0,0,0,0,0,0,0,0,0
7/6/21,SH,TUBEROSA,0,0,0,0,0,0,0,0,0
7/6/21,SH,TUBEROSA,0,0,0,0,0,0,0,0,0
7/6/21,SH,TUBEROSA,0,0,0,0,0,0,0,0,0
7/6/21,SH,TUBEROSA,0,0,0,0,0,0,0,0,0
7/13/21,HS,INCARNATA,0,0,0,0,0,0,0,0,0
7/13/21,HS,SYRIACA,0,0,17,17,0,0,14,0,14
7/13/21,HS,SYRIACA,0,0,4,4,0,0,7,0,7
7/13/21,HS,SYRIACA,0,0,11,2,3,0,18,0,18
7/13/21,HS,SYRIACA,0,0,143,0,5,0,0,0,0
7/13/21,HS,SYRIACA,0,1,10,7,0,0,215,0,215
7/13/21,HS,TUBEROSA,0,0,2,2,0,0,0,0,0
7/13/21,HS,TUBEROSA,0,0,0,0,0,0,0,0,0
7/13/21,HS,TUBEROSA,0,0,0,0,0,0,0,0,0
7/13/21,HS,TUBEROSA,0,0,0,0,0,0,0,0,0
7/13/21,HS,TUBEROSA,0,0,0,0,0,0,0,0,0
7/13/21,AN,INCARNATA,0,0,2,0,2,0,0,0,0
7/13/21,AN,INCARNATA,0,0,0,0,0,0,0,0,0
7/13/21,AN,INCARNATA,0,0,0,0,0,0,0,0,0
7/13/21,AN,INCARNATA,0,0,0,0,0,0,0,0,0
7/13/21,AN,INCARNATA,0,0,0,0,0,0,0,0,0
7/13/21,AN,SYRIACA,0,0,0,0,0,0,11,0,11
7/13/21,AN,SYRIACA,0,0,7,0,0,5,25,0,25
7/13/21,AN,SYRIACA,0,0,0,0,0,0,5,0,5
7/13/21,AN,SYRIACA,1,1,11,0,0,11,12,0,12
7/13/21,AN,SYRIACA,0,0,2,0,0,2,5,0,5
7/13/21,AN,TUBEROSA,0,0,1,0,0,1,0,0,0
7/13/21,AN,TUBEROSA,0,0,0,0,0,0,0,0,0
7/13/21,AN,TUBEROSA,0,0,0,0,0,0,0,0,0
7/13/21,AN,TUBEROSA,0,0,2,0,0,0,0,0,0
7/13/21,AN,TUBEROSA,0,0,0,0,0,0,0,0,0
7/13/21,LP,INCARNATA,1,0,0,0,0,0,0,0,0
7/13/21,LP,INCARNATA,2,0,0,0,0,0,0,0,0
7/13/21,LP,INCARNATA,0,0,0,0,0,0,0,0,0
7/13/21,LP,INCARNATA,0,0,0,0,0,0,0,0,0
7/13/21,LP,INCARNATA,1,0,0,0,0,0,0,0,0
7/13/21,LP,SYRIACA,1,1,0,0,0,0,0,0,0
7/13/21,LP,SYRIACA,1,0,0,0,0,0,12,0,12
7/13/21,LP,SYRIACA,0,2,0,0,0,0,0,0,0
7/13/21,LP,SYRIACA,0,1,0,0,0,0,0,0,0
7/13/21,LP,SYRIACA,1,0,0,0,0,0,0,0,0
7/13/21,LP,TUBEROSA,0,0,0,0,0,0,0,0,0
7/13/21,EB,INCARNATA,0,0,0,0,0,0,0,0,0
7/13/21,EB,INCARNATA,0,0,0,0,0,0,0,0,0
7/13/21,EB,SYRIACA,0,0,0,0,0,0,1,0,1
7/13/21,EB,SYRIACA,0,0,0,0,0,0,0,0,0
7/13/21,EB,SYRIACA,0,0,2,0,2,0,16,0,16
7/13/21,EB,SYRIACA,0,0,1,1,0,0,0,0,0
7/13/21,EB,SYRIACA,0,0,0,0,0,0,7,0,7
7/13/21,EB,TUBEROSA,0,0,1,0,0,1,0,0,0
7/13/21,EB,TUBEROSA,0,0,2,0,1,1,0,0,0
7/13/21,EB,TUBEROSA,0,0,3,0,0,3,0,0,0
7/13/21,EB,TUBEROSA,0,0,0,0,0,0,0,0,0
7/13/21,EB,TUBEROSA,0,0,0,0,0,0,0,0,0
7/13/21,AW,INCARNATA,0,0,0,0,0,0,0,0,0
7/13/21,AW,INCARNATA,0,0,0,0,0,0,0,0,0
7/13/21,AW,INCARNATA,0,0,0,0,0,0,0,0,0
7/13/21,AW,INCARNATA,0,0,0,0,0,0,0,0,0
7/13/21,AW,INCARNATA,0,0,0,0,0,0,0,0,0
7/13/21,AW,SYRIACA,0,0,1,0,1,0,11,0,11
7/13/21,AW,SYRIACA,0,0,0,0,0,0,4,0,4
7/13/21,AW,SYRIACA,0,0,1,0,0,1,9,0,9
7/13/21,AW,SYRIACA,2,0,0,0,0,0,12,0,12
7/13/21,AW,SYRIACA,1,0,2,0,1,1,12,0,12
7/13/21,AW,TUBEROSA,0,0,1,0,1,0,0,0,0
7/13/21,AW,TUBEROSA,0,0,0,0,0,0,0,0,0
7/13/21,AW,TUBEROSA,0,0,1,0,1,0,0,0,0
7/13/21,AW,TUBEROSA,0,0,0,0,0,0,0,0,0
7/13/21,AW,TUBEROSA,0,0,0,0,0,0,0,0,0
7/13/21,JY,INCARNATA,0,0,2,2,0,0,0,0,0
7/13/21,JY,INCARNATA,2,0,2,2,0,0,0,0,0
7/13/21,JY,INCARNATA,1,0,0,0,0,0,0,0,0
7/13/21,JY,INCARNATA,0,0,0,0,0,0,0,0,0
7/13/21,JY,INCARNATA,1,0,0,0,0,0,11,0,11
7/13/21,JY,SYRIACA,0,0,2,0,0,0,3450,0,3450
7/13/21,JY,SYRIACA,0,1,5,0,0,0,3620,0,3620
7/13/21,JY,SYRIACA,1,1,2,0,0,0,2850,0,2850
7/13/21,JY,SYRIACA,0,0,0,0,0,0,190,0,190
7/13/21,JY,SYRIACA,0,0,0,0,0,0,2240,0,2240
7/13/21,JY,TUBEROSA,0,0,14,0,0,0,0,0,0
7/13/21,JY,TUBEROSA,0,0,11,0,0,0,0,0,0
7/13/21,JY,TUBEROSA,0,0,0,0,0,0,0,0,0
7/13/21,JY,TUBEROSA,0,0,0,0,0,0,0,0,0
7/13/21,JY,TUBEROSA,0,0,0,0,0,0,0,0,0
7/13/21,WE,SYRIACA,0,0,0,0,0,0,15,0,15
7/13/21,WE,SYRIACA,0,0,0,0,0,0,19,0,19
7/13/21,WE,SYRIACA,0,0,5,5,0,0,77,0,77
7/13/21,WE,SYRIACA,0,0,0,0,0,0,58,0,58
7/13/21,WE,SYRIACA,1,0,0,0,0,0,273,0,273
7/13/21,WE,TUBEROSA,0,0,0,0,0,0,0,0,0
7/13/21,WE,TUBEROSA,0,0,0,0,0,0,0,0,0
7/13/21,WE,TUBEROSA,0,0,0,0,0,0,0,0,0
7/13/21,WE,TUBEROSA,0,0,0,0,0,0,0,0,0
7/13/21,WE,TUBEROSA,0,0,0,0,0,0,0,0,0
7/13/21,ST,INCARNATA,0,0,0,0,0,0,0,0,0
7/13/21,ST,INCARNATA,0,0,1,0,0,0,0,0,0
7/13/21,ST,INCARNATA,0,0,2,0,0,0,0,0,0
7/13/21,ST,INCARNATA,0,0,0,0,0,0,0,0,0
7/13/21,ST,INCARNATA,0,0,0,0,0,0,0,0,0
7/13/21,ST,SYRIACA,0,0,0,0,0,0,0,0,0
7/13/21,ST,SYRIACA,0,0,0,0,0,0,7,0,7
7/13/21,ST,SYRIACA,0,0,1,1,0,0,0,0,0
7/13/21,ST,SYRIACA,0,0,2,0,0,0,0,0,0
7/13/21,ST,SYRIACA,1,0,2,2,0,0,0,0,0
7/13/21,ST,TUBEROSA,0,0,0,0,0,0,0,0,0
7/13/21,ST,TUBEROSA,0,0,0,0,0,0,0,0,0
7/13/21,ST,TUBEROSA,0,0,0,0,0,0,0,0,0
7/13/21,ST,TUBEROSA,0,0,0,0,0,0,0,0,0
7/13/21,ST,TUBEROSA,0,0,0,0,0,0,0,0,0
7/13/21,SH,INCARNATA,0,0,1,1,0,0,0,0,0
7/13/21,SH,INCARNATA,1,0,0,0,0,0,0,0,0
7/13/21,SH,INCARNATA,0,0,0,0,0,0,0,0,0
7/13/21,SH,INCARNATA,0,0,0,0,0,0,0,0,0
7/13/21,SH,INCARNATA,0,0,0,0,0,0,0,0,0
7/13/21,SH,SYRIACA,0,0,1,0,0,0,0,0,0
7/13/21,SH,SYRIACA,0,0,0,0,0,0,0,0,0
7/13/21,SH,SYRIACA,1,1,0,0,0,0,7,0,7
7/13/21,SH,SYRIACA,0,0,0,0,0,0,12,0,12
7/13/21,SH,SYRIACA,0,0,0,0,0,0,0,0,0
7/13/21,SH,TUBEROSA,0,0,0,0,0,0,0,0,0
7/13/21,SH,TUBEROSA,0,0,0,0,0,0,0,0,0
7/13/21,SH,TUBEROSA,0,0,0,0,0,0,0,0,0
7/13/21,SH,TUBEROSA,0,0,0,0,0,0,0,0,0
7/13/21,SH,TUBEROSA,0,0,0,0,0,0,0,0,0
7/13/21,AB,INCARNATA,0,0,0,0,0,0,0,0,0
7/13/21,AB,INCARNATA,0,0,0,0,0,0,0,0,0
7/13/21,AB,INCARNATA,0,0,0,0,0,0,0,0,0
7/13/21,AB,INCARNATA,0,0,0,0,0,0,0,0,0
7/13/21,AB,INCARNATA,0,0,0,0,0,0,0,0,0
7/13/21,AB,SYRIACA,0,0,3,3,0,0,11,0,11
7/13/21,AB,SYRIACA,1,0,2,2,0,0,49,0,49
7/13/21,AB,SYRIACA,0,0,3,3,0,0,68,0,68
7/13/21,AB,SYRIACA,1,0,0,0,0,0,1,0,1
7/13/21,AB,SYRIACA,1,0,0,0,0,0,18,0,18
7/13/21,AB,TUBEROSA,0,0,0,0,0,0,0,0,0
7/13/21,AB,TUBEROSA,0,0,2,2,0,0,0,0,0
7/13/21,AB,TUBEROSA,0,0,0,0,0,0,0,0,0
7/13/21,AB,TUBEROSA,0,0,0,0,0,0,0,0,0
7/13/21,AB,TUBEROSA,0,0,0,0,0,0,0,0,0
7/20/21,WE,TUBEROSA,0,0,0,0,0,0,0,0,0
7/20/21,WE,TUBEROSA,0,0,0,0,0,0,0,0,0
7/20/21,WE,TUBEROSA,0,0,0,0,0,0,0,0,0
7/20/21,WE,TUBEROSA,0,0,0,0,0,0,0,0,0
7/20/21,WE,TUBEROSA,0,0,0,0,0,0,0,0,0
7/20/21,WE,SYRIACA,1,0,0,0,0,0,8,0,8
7/20/21,WE,SYRIACA,5,0,0,0,0,0,80,0,80
7/20/21,WE,SYRIACA,0,2,2,2,0,0,255,0,255
7/20/21,WE,SYRIACA,0,0,1,1,0,0,17,0,17
7/20/21,WE,SYRIACA,1,0,0,0,0,0,2,0,2
7/20/21,AW,INCARNATA,2,0,0,0,0,0,0,0,0
7/20/21,AW,INCARNATA,0,0,0,0,0,0,0,0,0
7/20/21,AW,INCARNATA,0,0,1,0,1,0,0,0,0
7/20/21,AW,INCARNATA,2,1,0,0,0,0,0,0,0
7/20/21,AW,INCARNATA,0,0,0,0,0,0,0,0,0
7/20/21,AW,SYRIACA,3,0,4,0,0,3,9,0,9
7/20/21,AW,SYRIACA,0,0,1,0,0,1,7,0,7
7/20/21,AW,SYRIACA,2,0,1,0,0,1,13,0,13
7/20/21,AW,SYRIACA,1,1,3,0,0,3,5,0,5
7/20/21,AW,SYRIACA,3,0,11,0,0,0,4,0,4
7/20/21,AW,TUBEROSA,0,0,0,0,0,0,0,0,0
7/20/21,AW,TUBEROSA,0,0,0,0,0,0,0,0,0
7/20/21,AW,TUBEROSA,0,0,0,0,0,0,0,0,0
7/20/21,AW,TUBEROSA,0,0,0,0,0,0,0,0,0
7/20/21,AW,TUBEROSA,0,0,0,0,0,0,0,0,0
7/20/21,EB,INCARNATA,1,0,0,0,0,0,0,0,0
7/20/21,EB,INCARNATA,0,0,0,0,0,0,0,0,0
7/20/21,EB,SYRIACA,1,0,0,0,0,0,0,0,0
7/20/21,EB,SYRIACA,0,0,0,0,0,0,4,3,7
7/20/21,EB,SYRIACA,0,0,0,0,0,0,5,4,9
7/20/21,EB,SYRIACA,0,0,0,0,0,0,5,0,5
7/20/21,EB,SYRIACA,0,0,0,0,0,0,4,0,4
7/20/21,EB,TUBEROSA,0,0,3,1,0,2,0,0,0
7/20/21,EB,TUBEROSA,0,0,0,0,0,0,0,0,0
7/20/21,EB,TUBEROSA,0,0,0,0,0,0,0,0,0
7/20/21,EB,TUBEROSA,0,0,0,0,0,0,0,0,0
7/20/21,EB,TUBEROSA,0,0,0,0,0,0,0,0,0
7/20/21,AN,INCARNATA,0,0,0,0,0,0,0,0,0
7/20/21,AN,INCARNATA,0,0,0,0,0,0,0,0,0
7/20/21,AN,INCARNATA,0,0,0,0,0,0,0,0,0
7/20/21,AN,INCARNATA,0,0,2,0,2,0,0,0,0
7/20/21,AN,INCARNATA,1,0,2,0,2,0,0,0,0
7/20/21,AN,SYRIACA,0,0,2,0,0,2,3,0,3
7/20/21,AN,SYRIACA,0,0,0,0,0,0,3,0,3
7/20/21,AN,SYRIACA,0,0,0,0,0,0,11,0,11
7/20/21,AN,SYRIACA,0,0,12,0,0,12,16,0,16
7/20/21,AN,SYRIACA,0,0,4,0,0,2,19,0,19
7/20/21,AN,TUBEROSA,0,0,0,0,0,0,0,0,0
7/20/21,AN,TUBEROSA,0,0,0,0,0,0,0,0,0
7/20/21,AN,TUBEROSA,0,0,0,0,0,0,0,0,0
7/20/21,AN,TUBEROSA,0,0,0,0,0,0,0,0,0
7/20/21,AN,TUBEROSA,0,0,0,0,0,0,0,0,0
7/20/21,HS,INCARNATA,0,0,0,0,0,0,0,0,0
7/20/21,HS,SYRIACA,1,0,0,0,0,0,22,0,22
7/20/21,HS,SYRIACA,0,0,0,0,0,0,11,0,11
7/20/21,HS,SYRIACA,2,0,0,0,0,0,5,0,5
7/20/21,HS,SYRIACA,0,0,3,2,0,0,4,0,4
7/20/21,HS,SYRIACA,0,0,5,4,0,0,10,0,10
7/20/21,HS,TUBEROSA,0,0,0,0,0,0,0,0,0
7/20/21,HS,TUBEROSA,0,2,0,0,0,0,0,0,0
7/20/21,HS,TUBEROSA,0,0,0,0,0,0,0,0,0
7/20/21,HS,TUBEROSA,0,0,3,0,0,0,0,0,0
7/20/21,HS,TUBEROSA,0,0,0,0,0,0,0,0,0
7/20/21,AB,INCARNATA,0,0,0,0,0,0,0,0,0
7/20/21,AB,INCARNATA,0,0,0,0,0,0,0,0,0
7/20/21,AB,INCARNATA,0,0,0,0,0,0,0,0,0
7/20/21,AB,INCARNATA,0,0,0,0,0,0,0,0,0
7/20/21,AB,INCARNATA,0,0,0,0,0,0,0,0,0
7/20/21,AB,SYRIACA,0,0,0,0,0,0,18,0,18
7/20/21,AB,SYRIACA,2,0,2,2,0,0,6,0,6
7/20/21,AB,SYRIACA,1,0,8,8,0,0,7,0,7
7/20/21,AB,SYRIACA,0,0,4,4,0,0,0,0,0
7/20/21,AB,SYRIACA,1,0,0,0,0,0,8,0,8
7/20/21,AB,TUBEROSA,0,0,0,0,0,0,0,0,0
7/20/21,AB,TUBEROSA,0,0,1,1,0,0,0,0,0
7/20/21,AB,TUBEROSA,0,0,0,0,0,0,0,0,0
7/20/21,AB,TUBEROSA,0,0,0,0,0,0,0,0,0
7/20/21,AB,TUBEROSA,0,1,0,0,0,0,0,0,0
7/20/21,JY,INCARNATA,0,0,1,0,1,0,10,0,10
7/20/21,JY,INCARNATA,0,0,0,0,0,0,3,0,3
7/20/21,JY,INCARNATA,0,0,0,0,0,0,11,0,11
7/20/21,JY,INCARNATA,0,0,0,0,0,0,0,0,0
7/20/21,JY,INCARNATA,1,0,0,0,0,0,0,0,0
7/20/21,JY,SYRIACA,0,0,20,0,3,0,1170,0,1170
7/20/21,JY,SYRIACA,0,0,0,0,0,0,3510,0,3510
7/20/21,JY,SYRIACA,0,0,0,0,0,0,140,0,140
7/20/21,JY,SYRIACA,1,0,1,0,1,0,325,0,325
7/20/21,JY,SYRIACA,0,0,0,0,0,0,450,0,450
7/20/21,JY,TUBEROSA,0,0,0,0,0,0,0,0,0
7/20/21,JY,TUBEROSA,0,0,0,0,0,0,0,0,0
7/20/21,JY,TUBEROSA,0,0,0,0,0,0,0,0,0
7/20/21,JY,TUBEROSA,0,0,0,0,0,0,0,0,0
7/20/21,JY,TUBEROSA,0,0,0,0,0,0,0,0,0
7/20/21,LP,INCARNATA,3,0,0,0,0,0,0,0,0
7/20/21,LP,INCARNATA,1,0,0,0,0,0,0,0,0
7/20/21,LP,INCARNATA,2,0,0,0,0,0,0,0,0
7/20/21,LP,INCARNATA,6,0,0,0,0,0,0,0,0
7/20/21,LP,INCARNATA,1,0,0,0,0,0,0,0,0
7/20/21,LP,SYRIACA,1,3,0,0,0,0,5,0,5
7/20/21,LP,SYRIACA,1,0,0,0,0,0,0,0,0
7/20/21,LP,SYRIACA,0,5,0,0,0,0,2,0,2
7/20/21,LP,SYRIACA,3,0,3,0,0,0,9,0,9
7/20/21,LP,SYRIACA,2,0,0,0,0,0,7,0,7
7/20/21,LP,TUBEROSA,1,0,0,0,0,0,0,0,0
7/20/21,ST,INCARNATA,0,0,1,0,0,0,0,0,0
7/20/21,ST,INCARNATA,0,0,2,0,0,0,0,0,0
7/20/21,ST,INCARNATA,0,0,1,0,0,0,0,0,0
7/20/21,ST,INCARNATA,0,0,0,0,0,0,0,0,0
7/20/21,ST,INCARNATA,0,0,0,0,0,0,0,0,0
7/20/21,ST,SYRIACA,0,0,1,0,0,1,10,0,10
7/20/21,ST,SYRIACA,0,0,1,0,0,0,4,0,4
7/20/21,ST,SYRIACA,0,0,3,0,0,0,4,0,4
7/20/21,ST,SYRIACA,0,0,1,1,0,0,0,0,0
7/20/21,ST,SYRIACA,0,0,27,5,1,0,2,0,2
7/20/21,ST,TUBEROSA,0,0,0,0,0,0,0,0,0
7/20/21,ST,TUBEROSA,0,0,0,0,0,0,0,0,0
7/20/21,ST,TUBEROSA,0,0,0,0,0,0,0,0,0
7/20/21,ST,TUBEROSA,0,0,0,0,0,0,0,0,0
7/20/21,ST,TUBEROSA,0,0,0,0,0,0,0,0,0
7/20/21,SH,INCARNATA,0,0,0,0,0,0,0,0,0
7/20/21,SH,INCARNATA,0,0,0,0,0,0,0,0,0
7/20/21,SH,INCARNATA,0,0,0,0,0,0,0,0,0
7/20/21,SH,INCARNATA,1,1,0,0,0,0,0,0,0
7/20/21,SH,INCARNATA,3,0,0,0,0,0,0,0,0
7/20/21,SH,SYRIACA,1,1,6,6,0,0,0,0,0
7/20/21,SH,SYRIACA,0,0,0,0,0,0,7,0,7
7/20/21,SH,SYRIACA,1,0,3,3,0,0,15,0,15
7/20/21,SH,SYRIACA,1,1,2,2,0,0,4,0,4
7/20/21,SH,SYRIACA,0,1,0,0,0,0,2,0,2
7/20/21,SH,TUBEROSA,0,0,0,0,0,0,0,0,0
7/20/21,SH,TUBEROSA,0,0,0,0,0,0,0,0,0
7/20/21,SH,TUBEROSA,0,0,0,0,0,0,0,0,0
7/20/21,SH,TUBEROSA,0,0,0,0,0,0,0,0,0
7/20/21,SH,TUBEROSA,0,0,0,0,0,0,0,0,0
7/27/21,SH,INCARNATA,1,1,0,0,0,0,0,0,0
7/27/21,SH,INCARNATA,3,0,0,0,0,0,0,0,0
7/27/21,SH,INCARNATA,6,0,0,0,0,0,0,0,0
7/27/21,SH,INCARNATA,3,0,0,0,0,0,0,0,0
7/27/21,SH,INCARNATA,1,0,0,0,0,0,0,0,0
7/27/21,SH,SYRIACA,0,0,0,0,0,0,0,0,0
7/27/21,SH,SYRIACA,3,0,4,4,0,0,41,0,41
7/27/21,SH,SYRIACA,3,0,3,3,0,0,50,0,50
7/27/21,SH,SYRIACA,0,1,0,0,0,0,3,0,3
7/27/21,SH,SYRIACA,0,0,0,0,0,0,1,0,1
7/27/21,SH,TUBEROSA,0,0,0,0,0,0,0,0,0
7/27/21,SH,TUBEROSA,0,0,0,0,0,0,0,0,0
7/27/21,SH,TUBEROSA,0,0,0,0,0,0,0,0,0
7/27/21,SH,TUBEROSA,0,0,0,0,0,0,0,0,0
7/27/21,SH,TUBEROSA,0,0,0,0,0,0,0,0,0
7/27/21,ST,INCARNATA,0,0,0,0,0,0,0,0,0
7/27/21,ST,INCARNATA,0,0,0,0,0,0,0,0,0
7/27/21,ST,INCARNATA,0,0,0,0,0,0,0,0,0
7/27/21,ST,INCARNATA,2,0,0,0,0,0,0,0,0
7/27/21,ST,INCARNATA,0,0,0,0,0,0,0,0,0
7/27/21,ST,SYRIACA,0,0,0,0,0,0,5,0,5
7/27/21,ST,SYRIACA,0,0,1,0,1,0,49,0,49
7/27/21,ST,SYRIACA,1,0,0,0,0,0,2,0,2
7/27/21,ST,SYRIACA,2,1,0,0,0,0,58,0,58
7/27/21,ST,SYRIACA,2,0,0,0,0,0,15,0,15
7/27/21,ST,TUBEROSA,0,0,0,0,0,0,0,0,0
7/27/21,ST,TUBEROSA,0,0,0,0,0,0,0,0,0
7/27/21,ST,TUBEROSA,0,0,0,0,0,0,0,0,0
7/27/21,ST,TUBEROSA,0,0,0,0,0,0,0,0,0
7/27/21,ST,TUBEROSA,0,0,0,0,0,0,0,0,0
7/27/21,LP,INCARNATA,1,0,0,0,0,0,0,0,0
7/27/21,LP,INCARNATA,1,0,0,0,0,0,0,0,0
7/27/21,LP,INCARNATA,3,0,0,0,0,0,0,0,0
7/27/21,LP,INCARNATA,1,0,0,0,0,0,0,0,0
7/27/21,LP,INCARNATA,1,0,0,0,0,0,0,0,0
7/27/21,LP,SYRIACA,0,0,0,0,0,0,0,0,0
7/27/21,LP,SYRIACA,0,0,0,0,0,0,3,0,3
7/27/21,LP,SYRIACA,2,1,0,0,0,0,35,0,35
7/27/21,LP,SYRIACA,4,0,0,0,0,0,20,0,20
7/27/21,LP,SYRIACA,1,0,0,0,0,0,30,0,30
7/27/21,LP,TUBEROSA,1,1,0,0,0,0,0,0,0
7/27/21,JY,INCARNATA,1,0,0,0,0,0,0,0,0
7/27/21,JY,INCARNATA,0,1,0,0,0,0,0,0,0
7/27/21,JY,INCARNATA,1,0,0,0,0,0,0,0,0
7/27/21,JY,INCARNATA,1,0,0,0,0,0,0,0,0
7/27/21,JY,INCARNATA,0,0,0,0,0,0,0,0,0
7/27/21,JY,SYRIACA,0,0,0,0,0,0,1440,0,1440
7/27/21,JY,SYRIACA,0,1,0,0,0,0,160,0,160
7/27/21,JY,SYRIACA,1,0,0,0,0,0,520,0,520
7/27/21,JY,SYRIACA,1,1,2,0,1,1,2170,0,2170
7/27/21,JY,SYRIACA,1,0,1,0,1,0,2200,0,2200
7/27/21,JY,TUBEROSA,0,0,0,0,0,0,0,0,0
7/27/21,JY,TUBEROSA,0,0,0,0,0,0,0,0,0
7/27/21,JY,TUBEROSA,0,0,0,0,0,0,0,0,0
7/27/21,JY,TUBEROSA,0,0,0,0,0,0,0,0,0
7/27/21,JY,TUBEROSA,0,0,0,0,0,0,0,0,0
7/27/21,WE,SYRIACA,1,3,0,0,0,0,0,0,0
7/27/21,WE,SYRIACA,0,0,0,0,0,0,0,0,0
7/27/21,WE,SYRIACA,0,0,0,0,0,0,0,0,0
7/27/21,WE,SYRIACA,0,0,0,0,0,0,402,0,402
7/27/21,WE,SYRIACA,6,0,0,0,0,0,579,0,579
7/27/21,WE,TUBEROSA,0,0,0,0,0,0,0,0,0
7/27/21,WE,TUBEROSA,0,0,1,1,0,0,6,0,6
7/27/21,WE,TUBEROSA,0,0,0,0,0,0,0,0,0
7/27/21,WE,TUBEROSA,0,0,0,0,0,0,0,0,0
7/27/21,WE,TUBEROSA,0,0,0,0,0,0,0,0,0
7/27/21,AN,INCARNATA,0,0,0,0,0,0,0,0,0
7/27/21,AN,INCARNATA,0,0,0,0,0,0,0,0,0
7/27/21,AN,INCARNATA,0,1,0,0,0,0,0,0,0
7/27/21,AN,INCARNATA,0,0,0,0,0,0,0,0,0
7/27/21,AN,INCARNATA,0,0,0,0,0,0,0,0,0
7/27/21,EB,INCARNATA,10,0,1,0,0,1,0,2,2
7/27/21,EB,INCARNATA,5,1,0,0,0,0,0,0,0
7/27/21,AN,TUBEROSA,0,0,0,0,0,0,0,0,0
7/27/21,AN,TUBEROSA,0,0,0,0,0,0,0,0,0
7/27/21,AN,TUBEROSA,0,0,0,0,0,0,0,0,0
7/27/21,AN,TUBEROSA,0,0,0,0,0,0,0,0,0
7/27/21,AN,TUBEROSA,0,0,0,0,0,0,0,0,0
7/27/21,AN,SYRIACA,0,0,0,0,0,0,12,0,12
7/27/21,AN,SYRIACA,0,0,11,0,0,11,60,0,60
7/27/21,AN,SYRIACA,0,0,1,0,0,1,5,0,5
7/27/21,AN,SYRIACA,0,0,0,0,0,0,0,0,0
7/27/21,AN,SYRIACA,0,0,0,0,0,0,6,0,6
7/27/21,EB,SYRIACA,1,0,0,0,0,0,8,0,8
7/27/21,EB,SYRIACA,4,0,1,0,1,0,6,0,6
7/27/21,EB,SYRIACA,1,0,0,0,0,0,32,8,40
7/27/21,EB,SYRIACA,9,0,0,0,0,0,4,0,4
7/27/21,EB,SYRIACA,2,0,0,0,0,0,0,0,0
7/27/21,EB,TUBEROSA,0,0,0,0,0,0,0,0,0
7/27/21,EB,TUBEROSA,1,0,0,0,0,0,0,15,15
7/27/21,EB,TUBEROSA,0,0,0,0,0,0,0,0,0
7/27/21,EB,TUBEROSA,0,0,0,0,0,0,0,0,0
7/27/21,EB,TUBEROSA,0,0,0,0,0,0,0,0,0
7/27/21,HS,INCARNATA,0,0,0,0,0,0,0,0,0
7/27/21,HS,SYRIACA,2,0,1,1,0,0,6,0,6
7/27/21,HS,SYRIACA,0,0,0,0,0,0,254,0,254
7/27/21,HS,SYRIACA,2,0,1,0,0,1,11,0,11
7/27/21,HS,SYRIACA,0,0,1,0,0,0,475,0,475
7/27/21,HS,SYRIACA,0,0,0,0,0,0,176,0,176
7/27/21,HS,TUBEROSA,0,0,0,0,0,0,0,0,0
7/27/21,HS,TUBEROSA,0,0,0,0,0,0,0,0,0
7/27/21,HS,TUBEROSA,0,0,0,0,0,0,0,0,0
7/27/21,HS,TUBEROSA,0,0,0,0,0,0,0,0,0
7/27/21,HS,TUBEROSA,1,0,0,0,0,0,0,0,0
7/27/21,AW,INCARNATA,2,1,0,0,0,0,0,0,0
7/27/21,AW,INCARNATA,8,0,0,0,0,0,0,0,0
7/27/21,AW,INCARNATA,1,1,0,0,0,0,0,0,0
7/27/21,AW,INCARNATA,5,0,0,0,0,0,0,0,0
7/27/21,AW,INCARNATA,0,0,0,0,0,0,0,0,0
7/27/21,AW,SYRIACA,2,0,0,0,0,0,0,0,0
7/27/21,AW,SYRIACA,2,0,0,0,0,0,0,0,0
7/27/21,AW,SYRIACA,1,0,0,0,0,0,0,0,0
7/27/21,AW,SYRIACA,0,0,0,0,0,0,0,0,0
7/27/21,AW,SYRIACA,1,0,0,0,0,0,0,0,0
7/27/21,AW,TUBEROSA,0,0,0,0,0,0,0,0,0
7/27/21,AW,TUBEROSA,0,0,0,0,0,0,0,0,0
7/27/21,AW,TUBEROSA,0,0,0,0,0,0,0,0,0
7/27/21,AW,TUBEROSA,0,0,0,0,0,0,0,0,0
7/27/21,AW,TUBEROSA,0,0,0,0,0,0,0,0,0
7/27/21,AB,INCARNATA,1,0,0,0,0,0,0,0,0
7/27/21,AB,INCARNATA,1,0,0,0,0,0,0,0,0
7/27/21,AB,INCARNATA,0,0,0,0,0,0,0,0,0
7/27/21,AB,INCARNATA,2,0,0,0,0,0,0,0,0
7/27/21,AB,INCARNATA,0,0,0,0,0,0,0,0,0
7/27/21,AB,SYRIACA,0,0,0,0,0,0,0,0,0
7/27/21,AB,SYRIACA,0,0,0,0,0,0,0,0,0
7/27/21,AB,SYRIACA,0,0,0,0,0,0,6,0,6
7/27/21,AB,SYRIACA,0,0,2,2,0,0,8,0,8
7/27/21,AB,SYRIACA,0,0,0,0,0,0,0,0,0
7/27/21,AB,TUBEROSA,0,0,0,0,0,0,0,0,0
7/27/21,AB,TUBEROSA,0,0,0,0,0,0,0,0,0
7/27/21,AB,TUBEROSA,1,0,0,0,0,0,0,0,0
7/27/21,AB,TUBEROSA,0,0,0,0,0,0,0,0,0
7/27/21,AB,TUBEROSA,0,0,0,0,0,0,0,0,0
8/3/21,SH,INCARNATA,1,0,0,0,0,0,0,0,0
8/3/21,SH,INCARNATA,2,1,0,0,0,0,0,0,0
8/3/21,SH,INCARNATA,6,1,0,0,0,0,0,0,0
8/3/21,SH,INCARNATA,0,0,0,0,0,0,0,0,0
8/3/21,SH,INCARNATA,1,0,0,0,0,0,2,0,2
8/3/21,SH,SYRIACA,0,0,2,1,0,1,45,0,45
8/3/21,SH,SYRIACA,2,0,0,0,0,0,7,0,7
8/3/21,SH,SYRIACA,0,0,0,0,0,0,9,7,16
8/3/21,SH,SYRIACA,3,0,2,2,0,0,17,0,17
8/3/21,SH,SYRIACA,1,0,5,5,0,0,83,0,83
8/3/21,SH,TUBEROSA,0,0,0,0,0,0,0,0,0
8/3/21,SH,TUBEROSA,0,0,0,0,0,0,0,0,0
8/3/21,SH,TUBEROSA,0,0,0,0,0,0,0,0,0
8/3/21,SH,TUBEROSA,0,0,0,0,0,0,0,0,0
8/3/21,SH,TUBEROSA,0,0,0,0,0,0,0,0,0
8/3/21,ST,INCARNATA,2,0,1,0,0,0,0,0,0
8/3/21,ST,INCARNATA,2,0,0,0,0,0,0,0,0
8/3/21,ST,INCARNATA,0,0,0,0,0,0,0,0,0
8/3/21,ST,INCARNATA,0,0,0,0,0,0,0,0,0
8/3/21,ST,INCARNATA,3,0,0,0,0,0,0,9,9
8/3/21,ST,SYRIACA,0,0,0,0,0,0,7,0,7
8/3/21,ST,SYRIACA,4,0,0,0,0,0,0,0,0
8/3/21,ST,SYRIACA,2,1,6,6,0,0,0,0,0
8/3/21,ST,SYRIACA,0,0,1,0,0,0,9,0,9
8/3/21,ST,SYRIACA,0,0,0,0,0,0,28,0,28
8/3/21,ST,TUBEROSA,0,0,0,0,0,0,0,0,0
8/3/21,ST,TUBEROSA,0,0,0,0,0,0,0,0,0
8/3/21,ST,TUBEROSA,0,0,0,0,0,0,0,0,0
8/3/21,ST,TUBEROSA,0,0,0,0,0,0,0,0,0
8/3/21,ST,TUBEROSA,0,0,0,0,0,0,0,0,0
8/3/21,LP,INCARNATA,3,0,0,0,0,0,0,0,0
8/3/21,LP,INCARNATA,8,1,0,0,0,0,0,0,0
8/3/21,LP,INCARNATA,1,0,0,0,0,0,0,0,0
8/3/21,LP,INCARNATA,3,0,0,0,0,0,0,0,0
8/3/21,LP,INCARNATA,9,0,0,0,0,0,0,0,0
8/3/21,LP,SYRIACA,2,0,0,0,0,0,13,0,13
8/3/21,LP,SYRIACA,3,0,0,0,0,0,16,0,16
8/3/21,LP,SYRIACA,1,0,0,0,0,0,24,0,24
8/3/21,LP,SYRIACA,1,1,0,0,0,0,0,0,0
8/3/21,LP,SYRIACA,1,0,0,0,0,0,0,0,0
8/3/21,LP,TUBEROSA,1,0,0,0,0,0,0,0,0
8/3/21,JY,INCARNATA,1,1,1,0,1,0,19,760,779
8/3/21,JY,INCARNATA,7,0,0,0,0,0,12,0,12
8/3/21,JY,INCARNATA,0,1,0,0,0,0,5,6,11
8/3/21,JY,INCARNATA,14,4,0,0,0,0,17,0,17
8/3/21,JY,INCARNATA,1,1,0,0,0,0,0,0,0
8/3/21,JY,SYRIACA,2,0,1,0,1,0,4470,0,4470
8/3/21,JY,SYRIACA,6,1,0,0,0,0,530,0,530
8/3/21,JY,SYRIACA,0,1,1,0,1,0,2830,14,2844
8/3/21,JY,SYRIACA,1,0,0,0,0,0,1107,0,1107
8/3/21,JY,SYRIACA,1,0,0,0,0,0,12,0,12
8/3/21,JY,TUBEROSA,0,0,0,0,0,0,0,0,0
8/3/21,JY,TUBEROSA,0,0,0,0,0,0,0,0,0
8/3/21,JY,TUBEROSA,0,0,0,0,0,0,0,0,0
8/3/21,JY,TUBEROSA,0,0,0,0,0,0,0,0,0
8/3/21,JY,TUBEROSA,0,0,0,0,0,0,0,0,0
8/3/21,WE,SYRIACA,0,1,0,0,0,0,0,0,0
8/3/21,WE,SYRIACA,5,1,0,0,0,0,0,0,0
8/3/21,WE,SYRIACA,0,0,0,0,0,0,66,0,66
8/3/21,WE,SYRIACA,1,2,0,0,0,0,52,0,52
8/3/21,WE,SYRIACA,0,1,5,4,0,0,256,0,256
8/3/21,WE,TUBEROSA,0,0,0,0,0,0,0,0,0
8/3/21,WE,TUBEROSA,0,0,0,0,0,0,0,0,0
8/3/21,WE,TUBEROSA,0,1,0,0,0,0,0,0,0
8/3/21,WE,TUBEROSA,0,0,0,0,0,0,0,0,0
8/3/21,WE,TUBEROSA,0,0,0,0,0,0,0,0,0
8/3/21,AB,INCARNATA,0,0,0,0,0,0,0,0,0
8/3/21,AB,INCARNATA,1,0,0,0,0,0,0,0,0
8/3/21,AB,INCARNATA,0,0,0,0,0,0,0,0,0
8/3/21,AB,INCARNATA,1,0,0,0,0,0,0,0,0
8/3/21,AB,INCARNATA,1,0,0,0,0,0,0,0,0
8/3/21,AB,SYRIACA,1,0,4,4,0,0,28,0,28
8/3/21,AB,SYRIACA,6,0,0,0,0,0,3,0,3
8/3/21,AB,SYRIACA,1,0,1,1,0,0,0,0,0
8/3/21,AB,SYRIACA,1,0,0,0,0,0,5,0,5
8/3/21,AB,SYRIACA,0,0,2,2,0,0,16,0,16
8/3/21,AB,TUBEROSA,0,0,0,0,0,0,0,0,0
8/3/21,AB,TUBEROSA,1,0,0,0,0,0,0,0,0
8/3/21,AB,TUBEROSA,1,0,0,0,0,0,0,0,0
8/3/21,AB,TUBEROSA,0,0,0,0,0,0,0,0,0
8/3/21,AB,TUBEROSA,0,0,0,0,0,0,0,0,0
8/3/21,HS,INCARNATA,0,0,0,0,0,0,0,0,0
8/3/21,HS,SYRIACA,1,0,1,1,0,0,3,0,3
8/3/21,HS,SYRIACA,0,0,0,0,0,0,0,0,0
8/3/21,HS,SYRIACA,2,2,0,0,0,0,30,0,30
8/3/21,HS,SYRIACA,0,0,0,0,0,0,0,0,0
8/3/21,HS,SYRIACA,2,1,0,0,0,0,151,0,151
8/3/21,HS,TUBEROSA,0,0,0,0,0,0,0,0,0
8/3/21,HS,TUBEROSA,0,0,0,0,0,0,0,0,0
8/3/21,HS,TUBEROSA,0,0,0,0,0,0,0,0,0
8/3/21,HS,TUBEROSA,0,0,0,0,0,0,0,0,0
8/3/21,HS,TUBEROSA,0,1,0,0,0,0,0,0,0
8/3/21,AN,INCARNATA,1,0,0,0,0,0,0,0,0
8/3/21,AN,INCARNATA,0,0,0,0,0,0,0,0,0
8/3/21,AN,INCARNATA,0,0,0,0,0,0,0,0,0
8/3/21,AN,INCARNATA,1,0,0,0,0,0,0,0,0
8/3/21,AN,INCARNATA,0,0,2,2,0,0,0,0,0
8/3/21,AN,SYRIACA,0,0,0,0,0,0,13,0,13
8/3/21,AN,SYRIACA,0,0,2,0,0,2,19,0,19
8/3/21,AN,SYRIACA,1,0,3,0,0,3,31,0,31
8/3/21,AN,SYRIACA,1,0,5,0,1,0,20,0,20
8/3/21,AN,SYRIACA,0,0,2,0,2,0,11,0,11
8/3/21,AN,TUBEROSA,0,0,0,0,0,0,0,0,0
8/3/21,AN,TUBEROSA,0,0,0,0,0,0,0,0,0
8/3/21,AN,TUBEROSA,0,0,0,0,0,0,0,0,0
8/3/21,AN,TUBEROSA,0,0,0,0,0,0,0,0,0
8/3/21,AN,TUBEROSA,0,0,0,0,0,0,0,0,0
8/3/21,EB,INCARNATA,4,1,1,0,0,1,0,12,12
8/3/21,EB,INCARNATA,14,0,1,0,0,1,0,1,1
8/3/21,EB,INCARNATA,4,0,0,0,0,0,0,29,29
8/3/21,EB,INCARNATA,2,1,0,0,0,0,0,0,0
8/3/21,EB,SYRIACA,1,0,0,0,0,0,0,0,0
8/3/21,EB,SYRIACA,0,1,0,0,0,0,0,0,0
8/3/21,EB,SYRIACA,0,1,0,0,0,0,48,13,61
8/3/21,EB,SYRIACA,5,0,0,0,0,0,8,0,8
8/3/21,EB,SYRIACA,5,2,0,0,0,0,0,0,0
8/3/21,EB,TUBEROSA,1,1,2,0,0,0,0,0,0
8/3/21,EB,TUBEROSA,1,3,0,0,0,0,0,0,0
8/3/21,EB,TUBEROSA,0,0,0,0,0,0,0,0,0
8/3/21,EB,TUBEROSA,1,0,0,0,0,0,0,0,0
8/3/21,EB,TUBEROSA,1,0,0,0,0,0,0,0,0
8/3/21,AW,INCARNATA,9,0,0,0,0,0,0,0,0
8/3/21,AW,INCARNATA,3,0,1,0,1,0,0,0,0
8/3/21,AW,INCARNATA,0,0,0,0,0,0,0,0,0
8/3/21,AW,INCARNATA,4,0,7,0,7,0,0,1,1
8/3/21,AW,INCARNATA,0,0,0,0,0,0,0,0,0
8/3/21,AW,SYRIACA,1,0,0,0,0,0,0,0,0
8/3/21,AW,SYRIACA,0,0,0,0,0,0,0,0,0
8/3/21,AW,SYRIACA,3,0,1,0,0,1,5,8,13
8/3/21,AW,SYRIACA,0,0,0,0,0,0,2,0,2
8/3/21,AW,SYRIACA,0,0,1,0,1,0,0,0,0
8/3/21,AW,TUBEROSA,0,0,0,0,0,0,0,0,0
8/3/21,AW,TUBEROSA,0,0,0,0,0,0,0,0,0
8/3/21,AW,TUBEROSA,0,0,0,0,0,0,0,0,0
8/3/21,AW,TUBEROSA,0,0,0,0,0,0,0,0,0
8/3/21,AW,TUBEROSA,0,0,0,0,0,0,0,1,1
8/10/21,HS,INCARNATA,0,0,0,0,0,0,0,0,0
8/10/21,HS,SYRIACA,0,0,0,0,0,0,840,0,840
8/10/21,HS,SYRIACA,0,0,0,0,0,0,1420,0,1420
8/10/21,HS,SYRIACA,2,0,0,0,0,0,650,0,650
8/10/21,HS,SYRIACA,2,3,139,2,4,0,18,47,65
8/10/21,HS,SYRIACA,0,0,8,0,0,0,16,0,16
8/10/21,HS,TUBEROSA,0,0,0,0,0,0,0,1,1
8/10/21,HS,TUBEROSA,0,0,0,0,0,0,0,0,0
8/10/21,HS,TUBEROSA,0,0,0,0,0,0,0,0,0
8/10/21,HS,TUBEROSA,0,0,0,0,0,0,0,0,0
8/10/21,HS,TUBEROSA,1,0,0,0,0,0,0,0,0
8/10/21,AN,INCARNATA,0,0,0,0,0,0,0,0,0
8/10/21,AN,INCARNATA,0,0,0,0,0,0,0,0,0
8/10/21,AN,INCARNATA,0,2,0,0,0,0,0,0,0
8/10/21,AN,INCARNATA,0,0,0,0,0,0,0,0,0
8/10/21,AN,INCARNATA,0,0,0,0,0,0,0,0,0
8/10/21,AN,SYRIACA,0,0,1,0,0,1,7,0,7
8/10/21,AN,SYRIACA,1,0,0,0,0,0,0,0,0
8/10/21,AN,SYRIACA,1,1,1,0,0,1,5,0,5
8/10/21,AN,SYRIACA,1,0,0,0,0,0,0,0,0
8/10/21,AN,SYRIACA,0,0,0,0,0,0,0,0,0
8/10/21,AN,TUBEROSA,0,0,0,0,0,0,0,0,0
8/10/21,AN,TUBEROSA,0,0,0,0,0,0,0,0,0
8/10/21,AN,TUBEROSA,0,0,0,0,0,0,0,0,0
8/10/21,AN,TUBEROSA,0,0,0,0,0,0,0,0,0
8/10/21,AN,TUBEROSA,0,0,0,0,0,0,0,0,0
8/10/21,EB,INCARNATA,2,0,0,0,0,0,14,8,22
8/10/21,EB,INCARNATA,3,1,0,0,0,0,0,6,6
8/10/21,EB,INCARNATA,1,0,0,0,0,0,1,13,14
8/10/21,EB,INCARNATA,0,1,0,0,0,0,0,20,20
8/10/21,EB,INCARNATA,0,0,0,0,0,0,0,6,6
8/10/21,EB,SYRIACA,3,1,0,0,0,0,0,3,3
8/10/21,EB,SYRIACA,2,1,0,0,0,0,0,27,27
8/10/21,EB,SYRIACA,6,0,0,0,0,0,0,5,5
8/10/21,EB,SYRIACA,1,0,0,0,0,0,0,3,3
8/10/21,EB,SYRIACA,1,0,0,0,0,0,0,0,0
8/10/21,EB,TUBEROSA,2,0,0,0,0,0,0,0,0
8/10/21,EB,TUBEROSA,0,3,0,0,0,0,0,0,0
8/10/21,EB,TUBEROSA,0,0,0,0,0,0,0,0,0
8/10/21,EB,TUBEROSA,0,0,0,0,0,0,0,0,0
8/10/21,EB,TUBEROSA,2,0,1,0,0,1,0,0,0
8/10/21,AW,INCARNATA,1,0,0,0,0,0,0,0,0
8/10/21,AW,INCARNATA,4,0,0,0,0,0,0,0,0
8/10/21,AW,INCARNATA,3,0,0,0,0,0,0,0,0
8/10/21,AW,INCARNATA,0,0,0,0,0,0,0,22,22
8/10/21,AW,INCARNATA,0,0,0,0,0,0,0,1,1
8/10/21,AW,SYRIACA,0,0,0,0,0,0,0,3,3
8/10/21,AW,SYRIACA,0,1,0,0,0,0,0,11,11
8/10/21,AW,SYRIACA,0,0,0,0,0,0,0,0,0
8/10/21,AW,SYRIACA,0,0,0,0,0,0,3,0,3
8/10/21,AW,SYRIACA,0,1,2,0,1,1,0,0,0
8/10/21,AW,TUBEROSA,1,0,0,0,0,0,0,0,0
8/10/21,AW,TUBEROSA,0,0,0,0,0,0,0,0,0
8/10/21,AW,TUBEROSA,0,0,0,0,0,0,0,0,0
8/10/21,AW,TUBEROSA,0,0,0,0,0,0,0,0,0
8/10/21,AW,TUBEROSA,0,0,0,0,0,0,0,21,21
8/10/21,AB,TUBEROSA,1,0,0,0,0,0,0,0,0
8/10/21,AB,TUBEROSA,0,0,0,0,0,0,0,0,0
8/10/21,AB,TUBEROSA,0,0,0,0,0,0,0,0,0
8/10/21,AB,TUBEROSA,2,1,0,0,0,0,0,0,0
8/10/21,AB,TUBEROSA,0,0,0,0,0,0,0,0,0
8/10/21,AB,SYRIACA,0,0,2,2,0,0,2,0,2
8/10/21,AB,SYRIACA,0,0,0,0,0,0,6,0,6
8/10/21,AB,SYRIACA,0,0,0,0,0,0,1,0,1
8/10/21,AB,SYRIACA,0,0,0,0,0,0,2,0,2
8/10/21,AB,SYRIACA,0,0,0,0,0,0,4,0,4
8/10/21,AB,INCARNATA,1,1,0,0,0,0,0,0,0
8/10/21,AB,INCARNATA,3,0,0,0,0,0,0,0,0
8/10/21,AB,INCARNATA,1,0,0,0,0,0,0,0,0
8/10/21,AB,INCARNATA,3,0,0,0,0,0,0,3,3
8/10/21,AB,INCARNATA,1,1,0,0,0,0,0,0,0
8/10/21,WE,SYRIACA,2,0,0,0,0,0,0,0,0
8/10/21,WE,SYRIACA,0,1,0,0,0,0,9,0,9
8/10/21,WE,SYRIACA,0,2,0,0,0,0,151,0,151
8/10/21,WE,SYRIACA,0,0,0,0,0,0,7,0,7
8/10/21,WE,SYRIACA,0,0,0,0,0,0,26,0,26
8/10/21,WE,TUBEROSA,1,1,0,0,0,0,0,0,0
8/10/21,WE,TUBEROSA,0,0,0,0,0,0,0,0,0
8/10/21,WE,TUBEROSA,0,0,0,0,0,0,0,0,0
8/10/21,WE,TUBEROSA,0,0,0,0,0,0,0,0,0
8/10/21,WE,TUBEROSA,0,0,0,0,0,0,0,0,0
8/10/21,JY,SYRIACA,0,2,3,1,0,2,2680,17,2697
8/10/21,JY,SYRIACA,1,3,1,0,0,1,5990,120,6110
8/10/21,JY,SYRIACA,9,1,0,0,0,0,85,0,85
8/10/21,JY,SYRIACA,3,0,0,0,0,0,86,17,103
8/10/21,JY,SYRIACA,4,2,0,0,0,0,740,30,770
8/10/21,JY,INCARNATA,0,1,0,0,0,0,0,44,44
8/10/21,JY,INCARNATA,2,2,0,0,0,0,0,13,13
8/10/21,JY,INCARNATA,0,0,0,0,0,0,0,0,0
8/10/21,JY,INCARNATA,0,0,0,0,0,0,0,0,0
8/10/21,JY,INCARNATA,0,0,0,0,0,0,0,1,1
8/10/21,JY,TUBEROSA,0,0,0,0,0,0,0,0,0
8/10/21,JY,TUBEROSA,0,0,0,0,0,0,0,0,0
8/10/21,JY,TUBEROSA,0,0,0,0,0,0,0,0,0
8/10/21,JY,TUBEROSA,0,0,0,0,0,0,0,3,3
8/10/21,JY,TUBEROSA,0,0,0,0,0,0,0,0,0
8/10/21,LP,INCARNATA,3,0,0,0,0,0,0,0,0
8/10/21,LP,INCARNATA,3,0,0,0,0,0,0,0,0
8/10/21,LP,INCARNATA,2,0,0,0,0,0,0,0,0
8/10/21,LP,INCARNATA,3,0,0,0,0,0,0,0,0
8/10/21,LP,INCARNATA,0,0,0,0,0,0,0,0,0
8/10/21,LP,SYRIACA,2,1,0,0,0,0,14,0,14
8/10/21,LP,SYRIACA,0,3,0,0,0,0,22,0,22
8/10/21,LP,SYRIACA,2,0,0,0,0,0,49,0,49
8/10/21,LP,SYRIACA,1,3,0,0,0,0,41,0,41
8/10/21,LP,SYRIACA,3,2,0,0,0,0,84,2,86
8/10/21,LP,TUBEROSA,0,0,0,0,0,0,0,0,0
8/10/21,SH,INCARNATA,4,0,0,0,0,0,0,0,0
8/10/21,SH,INCARNATA,3,0,0,0,0,0,0,0,0
8/10/21,SH,INCARNATA,2,1,0,0,0,0,0,0,0
8/10/21,SH,INCARNATA,2,0,0,0,0,0,0,0,0
8/10/21,SH,INCARNATA,1,0,0,0,0,0,0,0,0
8/10/21,SH,SYRIACA,5,1,4,4,0,0,48,0,48
8/10/21,SH,SYRIACA,1,1,0,0,0,0,0,0,0
8/10/21,SH,SYRIACA,0,0,1,0,0,1,28,490,518
8/10/21,SH,SYRIACA,3,1,4,3,0,1,69,0,69
8/10/21,SH,SYRIACA,0,0,1,1,0,0,52,0,52
8/10/21,SH,TUBEROSA,0,0,0,0,0,0,0,0,0
8/10/21,SH,TUBEROSA,0,0,1,1,0,0,0,0,0
8/10/21,SH,TUBEROSA,0,0,0,0,0,0,0,0,0
8/10/21,SH,TUBEROSA,0,0,0,0,0,0,0,0,0
8/10/21,SH,TUBEROSA,0,0,0,0,0,0,0,0,0
8/10/21,ST,INCARNATA,0,1,0,0,0,0,0,0,0
8/10/21,ST,INCARNATA,0,0,0,0,0,0,0,8,8
8/10/21,ST,INCARNATA,0,0,0,0,0,0,0,4,4
8/10/21,ST,INCARNATA,0,0,0,0,0,0,0,0,0
8/10/21,ST,INCARNATA,0,0,0,0,0,0,0,0,0
8/10/21,ST,SYRIACA,0,0,0,0,0,0,0,0,0
8/10/21,ST,SYRIACA,0,0,1,1,0,0,8,0,8
8/10/21,ST,SYRIACA,0,0,0,0,0,0,0,0,0
8/10/21,ST,SYRIACA,1,1,0,0,0,0,38,0,38
8/10/21,ST,SYRIACA,0,0,0,0,0,0,34,0,34
8/10/21,ST,TUBEROSA,0,0,0,0,0,0,0,0,0
8/10/21,ST,TUBEROSA,0,0,0,0,0,0,0,0,0
8/10/21,ST,TUBEROSA,0,0,0,0,0,0,0,0,0
8/10/21,ST,TUBEROSA,0,0,0,0,0,0,0,0,0
8/10/21,ST,TUBEROSA,0,0,0,0,0,0,0,0,0
8/17/21,ST,INCARNATA,0,0,0,0,0,0,12,2,14
8/17/21,ST,INCARNATA,1,1,0,0,0,0,0,570,570
8/17/21,ST,INCARNATA,0,1,0,0,0,0,0,56,56
8/17/21,ST,INCARNATA,0,0,0,0,0,0,0,2241,2241
8/17/21,ST,INCARNATA,0,0,0,0,0,0,0,11,11
8/17/21,ST,SYRIACA,1,0,1,1,0,0,25,0,25
8/17/21,ST,SYRIACA,0,0,1,1,0,0,8,0,8
8/17/21,ST,SYRIACA,0,0,20,2,0,0,80,0,80
8/17/21,ST,SYRIACA,2,0,1,0,0,0,36,0,36
8/17/21,ST,SYRIACA,0,0,0,0,0,0,6,0,6
8/17/21,ST,TUBEROSA,0,0,0,0,0,0,0,0,0
8/17/21,ST,TUBEROSA,0,0,0,0,0,0,2,0,2
8/17/21,ST,TUBEROSA,0,0,0,0,0,0,0,0,0
8/17/21,ST,TUBEROSA,0,0,0,0,0,0,0,0,0
8/17/21,ST,TUBEROSA,0,0,0,0,0,0,0,0,0
8/17/21,LP,INCARNATA,5,0,1,1,0,0,0,0,0
8/17/21,LP,INCARNATA,1,0,3,3,0,0,0,0,0
8/17/21,LP,INCARNATA,0,0,2,2,0,0,0,0,0
8/17/21,LP,INCARNATA,3,0,0,0,0,0,0,0,0
8/17/21,LP,INCARNATA,4,0,0,0,0,0,0,0,0
8/17/21,LP,SYRIACA,3,1,0,0,0,0,18,0,18
8/17/21,LP,SYRIACA,0,2,0,0,0,0,41,0,41
8/17/21,LP,SYRIACA,0,0,1,0,0,0,30,0,30
8/17/21,LP,SYRIACA,0,1,0,0,0,0,24,0,24
8/17/21,LP,SYRIACA,2,0,0,0,0,0,22,0,22
8/17/21,LP,TUBEROSA,0,0,0,0,0,0,0,0,0
8/17/21,WE,SYRIACA,1,1,0,0,0,0,0,0,0
8/17/21,WE,SYRIACA,0,0,0,0,0,0,0,0,0
8/17/21,WE,SYRIACA,0,0,0,0,0,0,5,3,8
8/17/21,WE,SYRIACA,0,0,0,0,0,0,59,12,71
8/17/21,WE,SYRIACA,1,3,1,1,0,0,860,0,860
8/17/21,WE,TUBEROSA,0,0,0,0,0,0,0,0,0
8/17/21,WE,TUBEROSA,0,0,0,0,0,0,0,0,0
8/17/21,WE,TUBEROSA,0,0,0,0,0,0,0,0,0
8/17/21,WE,TUBEROSA,0,0,0,0,0,0,0,0,0
8/17/21,WE,TUBEROSA,0,0,0,0,0,0,0,0,0
8/17/21,AB,INCARNATA,1,0,0,0,0,0,0,0,0
8/17/21,AB,INCARNATA,0,1,0,0,0,0,0,0,0
8/17/21,AB,INCARNATA,1,0,0,0,0,0,0,0,0
8/17/21,AB,INCARNATA,1,0,0,0,0,0,0,0,0
8/17/21,AB,INCARNATA,2,0,0,0,0,0,0,0,0
8/17/21,AB,SYRIACA,0,0,0,0,0,0,2,0,2
8/17/21,AB,SYRIACA,0,0,4,4,0,0,6,0,6
8/17/21,AB,SYRIACA,0,2,1,1,0,0,0,0,0
8/17/21,AB,SYRIACA,0,0,0,0,0,0,0,0,0
8/17/21,AB,SYRIACA,0,0,8,8,0,0,1,0,1
8/17/21,AB,TUBEROSA,0,1,2,2,0,0,2,0,2
8/17/21,AB,TUBEROSA,1,0,1,1,0,0,0,0,0
8/17/21,AB,TUBEROSA,0,1,0,0,0,0,0,0,0
8/17/21,AB,TUBEROSA,0,0,3,3,0,0,0,0,0
8/17/21,AB,TUBEROSA,0,0,6,6,0,0,0,0,0
8/17/21,JY,INCARNATA,0,1,1,1,0,0,0,6800,6800
8/17/21,JY,INCARNATA,5,0,0,0,0,0,0,740,740
8/17/21,JY,INCARNATA,1,0,0,0,0,0,0,370,370
8/17/21,JY,INCARNATA,1,1,1,1,0,0,0,380,380
8/17/21,JY,INCARNATA,0,0,0,0,0,0,0,7,7
8/17/21,JY,SYRIACA,0,0,1,0,1,0,2550,21,2571
8/17/21,JY,SYRIACA,1,1,10,3,2,5,2750,72,2822
8/17/21,JY,SYRIACA,0,1,0,0,0,0,1350,21,1371
8/17/21,JY,SYRIACA,0,1,4,0,0,4,1740,0,1740
8/17/21,JY,SYRIACA,2,0,0,0,0,0,92,0,92
8/17/21,JY,TUBEROSA,0,0,0,0,0,0,0,0,0
8/17/21,JY,TUBEROSA,0,0,0,0,0,0,0,0,0
8/17/21,JY,TUBEROSA,0,0,0,0,0,0,0,0,0
8/17/21,JY,TUBEROSA,0,0,0,0,0,0,0,0,0
8/17/21,JY,TUBEROSA,0,0,0,0,0,0,0,0,0
8/17/21,AW,INCARNATA,0,0,2,1,1,0,0,1470,1470
8/17/21,AW,INCARNATA,0,0,7,0,7,0,0,210,210
8/17/21,AW,INCARNATA,1,0,0,0,0,0,0,0,0
8/17/21,AW,INCARNATA,1,0,0,0,0,0,0,10,10
8/17/21,AW,INCARNATA,0,0,1,0,1,0,0,570,570
8/17/21,AW,SYRIACA,0,1,0,0,0,0,0,0,0
8/17/21,AW,SYRIACA,0,0,0,0,0,0,23,0,23
8/17/21,AW,SYRIACA,0,0,0,0,0,0,2,0,2
8/17/21,AW,SYRIACA,1,0,1,1,0,0,0,4,4
8/17/21,AW,SYRIACA,0,0,0,0,0,0,0,0,0
8/17/21,AW,TUBEROSA,0,0,0,0,0,0,0,0,0
8/17/21,AW,TUBEROSA,0,0,0,0,0,0,0,83,83
8/17/21,AW,TUBEROSA,0,0,0,0,0,0,0,0,0
8/17/21,AW,TUBEROSA,0,0,0,0,0,0,0,22,22
8/17/21,AW,TUBEROSA,0,0,0,0,0,0,0,4,4
8/17/21,EB,INCARNATA,5,1,1,0,0,1,0,4,4
8/17/21,EB,INCARNATA,8,2,9,7,0,2,0,4,4
8/17/21,EB,INCARNATA,0,1,0,0,0,0,0,0,0
8/17/21,EB,SYRIACA,2,3,0,0,0,0,6,0,6
8/17/21,EB,SYRIACA,7,0,0,0,0,0,2,8,10
8/17/21,EB,SYRIACA,3,1,0,0,0,0,0,8,8
8/17/21,EB,SYRIACA,0,0,0,0,0,0,9,0,9
8/17/21,EB,SYRIACA,2,0,0,0,0,0,6,0,6
8/17/21,EB,TUBEROSA,0,1,4,0,0,4,0,0,0
8/17/21,EB,TUBEROSA,0,1,0,0,0,0,0,0,0
8/17/21,EB,TUBEROSA,0,0,2,0,0,2,0,8,8
8/17/21,EB,TUBEROSA,0,0,0,0,0,0,0,0,0
8/17/21,EB,TUBEROSA,2,0,0,0,0,0,0,0,0
8/17/21,HS,INCARNATA,0,0,0,0,0,0,0,0,0
8/17/21,HS,SYRIACA,3,0,0,0,0,0,61,0,61
8/17/21,HS,SYRIACA,0,0,0,0,0,0,3100,0,3100
8/17/21,HS,SYRIACA,0,4,0,0,0,0,3040,830,3870
8/17/21,HS,SYRIACA,2,0,3,3,0,0,12,0,12
8/17/21,HS,SYRIACA,0,0,2,0,0,0,25,0,25
8/17/21,HS,TUBEROSA,1,0,0,0,0,0,0,650,650
8/17/21,HS,TUBEROSA,0,0,0,0,0,0,0,55,55
8/17/21,HS,TUBEROSA,2,2,0,0,0,0,0,0,0
8/17/21,HS,TUBEROSA,0,0,0,0,0,0,0,0,0
8/17/21,HS,TUBEROSA,0,0,0,0,0,0,0,20,20
8/17/21,AN,INCARNATA,1,0,0,0,0,0,0,0,0
8/17/21,AN,INCARNATA,1,0,0,0,0,0,0,0,0
8/17/21,AN,INCARNATA,0,0,0,0,0,0,0,0,0
8/17/21,AN,INCARNATA,0,1,0,0,0,0,0,0,0
8/17/21,AN,INCARNATA,1,0,0,0,0,0,0,0,0
8/17/21,AN,SYRIACA,1,0,0,0,0,0,3,0,3
8/17/21,AN,SYRIACA,0,0,0,0,0,0,1,0,1
8/17/21,AN,SYRIACA,0,0,0,0,0,0,3,0,3
8/17/21,AN,SYRIACA,0,0,0,0,0,0,0,0,0
8/17/21,AN,SYRIACA,0,1,0,0,0,0,0,0,0
8/17/21,AN,TUBEROSA,0,0,0,0,0,0,0,0,0
8/17/21,AN,TUBEROSA,0,0,0,0,0,0,0,0,0
8/17/21,AN,TUBEROSA,0,0,0,0,0,0,0,0,0
8/17/21,AN,TUBEROSA,0,0,0,0,0,0,0,0,0
8/17/21,AN,TUBEROSA,0,0,0,0,0,0,0,0,0
8/17/21,SH,INCARNATA,1,0,0,0,0,0,0,0,0
8/17/21,SH,INCARNATA,3,1,1,1,0,0,0,0,0
8/17/21,SH,INCARNATA,0,2,0,0,0,0,0,0,0
8/17/21,SH,INCARNATA,2,1,0,0,0,0,0,0,0
8/17/21,SH,INCARNATA,2,0,0,0,0,0,0,1,1
8/17/21,SH,SYRIACA,0,0,0,0,0,0,0,0,0
8/17/21,SH,SYRIACA,0,1,0,0,0,0,62,0,62
8/17/21,SH,SYRIACA,1,0,1,0,0,0,47,0,47
8/17/21,SH,SYRIACA,0,0,1,0,0,0,9,22,31
8/17/21,SH,SYRIACA,0,0,0,0,0,0,38,0,38
8/17/21,SH,TUBEROSA,2,0,0,0,0,0,5,0,5
8/17/21,SH,TUBEROSA,0,0,0,0,0,0,0,0,0
8/17/21,SH,TUBEROSA,0,0,0,0,0,0,1,0,1
8/17/21,SH,TUBEROSA,0,0,0,0,0,0,0,0,0
8/17/21,SH,TUBEROSA,0,0,0,0,0,0,0,0,0
8/24/21,JY,INCARNATA,0,1,0,0,0,0,0,1770,1770
8/24/21,JY,INCARNATA,0,0,0,0,0,0,0,2400,2400
8/24/21,JY,INCARNATA,0,0,0,0,0,0,0,8100,8100
8/24/21,JY,INCARNATA,1,0,0,0,0,0,1,150,151
8/24/21,JY,INCARNATA,5,2,0,0,0,0,2,310,312
8/24/21,JY,SYRIACA,0,0,1,0,0,1,1370,380,1750
8/24/21,JY,SYRIACA,0,1,0,0,0,0,41,5400,5441
8/24/21,JY,SYRIACA,0,1,1,0,0,1,460,220,680
8/24/21,JY,SYRIACA,0,0,0,0,0,0,38,2500,2538
8/24/21,JY,SYRIACA,0,0,1,1,0,0,50,2100,2150
8/24/21,JY,TUBEROSA,0,0,0,0,0,0,0,0,0
8/24/21,JY,TUBEROSA,0,0,1,1,0,0,0,8,8
8/24/21,JY,TUBEROSA,0,0,0,0,0,0,0,0,0
8/24/21,JY,TUBEROSA,0,0,0,0,0,0,0,16,16
8/24/21,JY,TUBEROSA,0,0,0,0,0,0,0,0,0
8/24/21,WE,SYRIACA,2,0,0,0,0,0,0,0,0
8/24/21,WE,SYRIACA,0,0,0,0,0,0,0,0,0
8/24/21,WE,SYRIACA,1,0,0,0,0,0,4,0,4
8/24/21,WE,SYRIACA,0,0,0,0,0,0,23,0,23
8/24/21,WE,SYRIACA,0,1,0,0,0,0,10,0,10
8/24/21,WE,TUBEROSA,0,0,0,0,0,0,0,0,0
8/24/21,WE,TUBEROSA,0,0,0,0,0,0,0,0,0
8/24/21,WE,TUBEROSA,0,0,0,0,0,0,0,0,0
8/24/21,WE,TUBEROSA,0,0,0,0,0,0,0,0,0
8/24/21,WE,TUBEROSA,0,0,0,0,0,0,0,0,0
8/24/21,HS,INCARNATA,2,0,0,0,0,0,0,0,0
8/24/21,HS,SYRIACA,0,0,0,0,0,0,6,0,6
8/24/21,HS,SYRIACA,0,0,0,0,0,0,22,0,22
8/24/21,HS,SYRIACA,1,0,0,0,0,0,37,0,37
8/24/21,HS,SYRIACA,0,0,12,0,0,0,18,0,18
8/24/21,HS,SYRIACA,1,0,0,0,0,0,35,0,35
8/24/21,HS,TUBEROSA,0,0,0,0,0,0,0,110,110
8/24/21,HS,TUBEROSA,0,1,0,0,0,0,0,38,38
8/24/21,HS,TUBEROSA,0,0,0,0,0,0,0,0,0
8/24/21,HS,TUBEROSA,2,0,0,0,0,0,0,0,0
8/24/21,HS,TUBEROSA,0,0,0,0,0,0,0,50,50
8/24/21,AN,INCARNATA,0,0,0,0,0,0,0,0,0
8/24/21,AN,INCARNATA,0,0,0,0,0,0,0,0,0
8/24/21,AN,INCARNATA,0,0,0,0,0,0,0,0,0
8/24/21,AN,INCARNATA,0,0,0,0,0,0,0,0,0
8/24/21,AN,INCARNATA,0,0,0,0,0,0,0,0,0
8/24/21,AN,SYRIACA,0,1,0,0,0,0,5,0,5
8/24/21,AN,SYRIACA,0,0,0,0,0,0,3,0,3
8/24/21,AN,SYRIACA,0,0,0,0,0,0,3,0,3
8/24/21,AN,SYRIACA,0,0,0,0,0,0,5,0,5
8/24/21,AN,SYRIACA,1,1,0,0,0,0,4,0,4
8/24/21,AN,TUBEROSA,0,2,2,0,0,0,0,0,0
8/24/21,AN,TUBEROSA,0,0,0,0,0,0,0,0,0
8/24/21,AN,TUBEROSA,0,0,0,0,0,0,0,0,0
8/24/21,AN,TUBEROSA,0,0,0,0,0,0,0,0,0
8/24/21,AN,TUBEROSA,0,0,0,0,0,0,0,0,0
8/24/21,EB,INCARNATA,3,4,0,0,0,0,0,0,0
8/24/21,EB,INCARNATA,1,4,0,0,0,0,0,10,10
8/24/21,EB,INCARNATA,0,0,0,0,0,0,0,0,0
8/24/21,EB,SYRIACA,0,0,0,0,0,0,4,3,7
8/24/21,EB,SYRIACA,0,3,0,0,0,0,0,0,0
8/24/21,EB,SYRIACA,0,0,0,0,0,0,17,0,17
8/24/21,EB,SYRIACA,0,2,0,0,0,0,13,0,13
8/24/21,EB,SYRIACA,1,0,0,0,0,0,35,3,38
8/24/21,EB,TUBEROSA,0,1,0,0,0,0,58,0,58
8/24/21,EB,TUBEROSA,0,0,0,0,0,0,0,0,0
8/24/21,EB,TUBEROSA,0,0,0,0,0,0,0,0,0
8/24/21,EB,TUBEROSA,0,1,1,0,0,0,0,0,0
8/24/21,EB,TUBEROSA,0,0,0,0,0,0,0,0,0
8/24/21,AW,INCARNATA,0,0,0,0,0,0,0,80,80
8/24/21,AW,INCARNATA,0,2,0,0,0,0,0,150,150
8/24/21,AW,INCARNATA,0,0,3,0,3,0,0,770,770
8/24/21,AW,INCARNATA,0,0,2,0,2,0,0,1330,1330
8/24/21,AW,INCARNATA,0,0,1,0,1,0,0,270,270
8/24/21,AW,SYRIACA,3,0,0,0,0,0,15,0,15
8/24/21,AW,SYRIACA,2,0,0,0,0,0,3,0,3
8/24/21,AW,SYRIACA,1,0,1,0,0,1,14,22,36
8/24/21,AW,SYRIACA,0,0,3,3,0,0,6,52,58
8/24/21,AW,SYRIACA,0,0,0,0,0,0,0,7,7
8/24/21,AW,TUBEROSA,0,2,0,0,0,0,0,180,180
8/24/21,AW,TUBEROSA,0,0,0,0,0,0,0,50,50
8/24/21,AW,TUBEROSA,0,0,0,0,0,0,0,40,40
8/24/21,AW,TUBEROSA,0,0,0,0,0,0,0,130,130
8/24/21,AW,TUBEROSA,0,0,0,0,0,0,0,410,410
8/24/21,AB,INCARNATA,2,2,0,0,0,0,0,20,20
8/24/21,AB,INCARNATA,1,4,1,1,0,0,0,0,0
8/24/21,AB,INCARNATA,1,2,0,0,0,0,0,0,0
8/24/21,AB,INCARNATA,0,0,0,0,0,0,0,0,0
8/24/21,AB,INCARNATA,0,0,0,0,0,0,0,0,0
8/24/21,AB,SYRIACA,1,0,0,0,0,0,0,0,0
8/24/21,AB,SYRIACA,0,2,0,0,0,0,7,0,7
8/24/21,AB,SYRIACA,0,0,0,0,0,0,3,0,3
8/24/21,AB,SYRIACA,0,0,0,0,0,0,9,0,9
8/24/21,AB,SYRIACA,0,1,4,4,0,0,6,0,6
8/24/21,AB,TUBEROSA,0,0,0,0,0,0,0,0,0
8/24/21,AB,TUBEROSA,0,0,0,0,0,0,0,0,0
8/24/21,AB,TUBEROSA,0,0,0,0,0,0,0,0,0
8/24/21,AB,TUBEROSA,0,0,0,0,0,0,0,0,0
8/24/21,AB,TUBEROSA,0,0,0,0,0,0,0,0,0
8/24/21,ST,INCARNATA,0,0,0,0,0,0,0,300,300
8/24/21,ST,INCARNATA,0,0,0,0,0,0,0,50,50
8/24/21,ST,INCARNATA,0,0,0,0,0,0,0,0,0
8/24/21,ST,INCARNATA,0,0,0,0,0,0,0,0,0
8/24/21,ST,INCARNATA,1,0,0,0,0,0,0,30,30
8/24/21,ST,SYRIACA,0,0,4,4,0,0,0,22,22
8/24/21,ST,SYRIACA,0,0,3,3,0,0,19,0,19
8/24/21,ST,SYRIACA,0,0,1,1,0,0,18,0,18
8/24/21,ST,SYRIACA,0,0,0,0,0,0,12,0,12
8/24/21,ST,SYRIACA,0,0,3,2,0,0,28,0,28
8/24/21,ST,TUBEROSA,0,0,0,0,0,0,0,0,0
8/24/21,ST,TUBEROSA,0,0,0,0,0,0,0,0,0
8/24/21,ST,TUBEROSA,0,0,0,0,0,0,0,0,0
8/24/21,ST,TUBEROSA,0,0,0,0,0,0,0,0,0
8/24/21,ST,TUBEROSA,0,0,0,0,0,0,0,0,0
8/24/21,LP,INCARNATA,5,1,0,0,0,0,0,1,1
8/24/21,LP,INCARNATA,5,0,0,0,0,0,0,0,0
8/24/21,LP,INCARNATA,1,1,0,0,0,0,0,0,0
8/24/21,LP,INCARNATA,0,0,0,0,0,0,0,0,0
8/24/21,LP,INCARNATA,5,0,0,0,0,0,0,0,0
8/24/21,LP,SYRIACA,0,0,0,0,0,0,26,0,26
8/24/21,LP,SYRIACA,1,0,0,0,0,0,250,3,253
8/24/21,LP,SYRIACA,1,0,0,0,0,0,140,115,255
8/24/21,LP,SYRIACA,0,0,1,0,0,0,48,5,53
8/24/21,LP,SYRIACA,1,0,0,0,0,0,27,0,27
8/24/21,LP,TUBEROSA,0,0,0,0,0,0,0,0,0
8/31/21,HS,INCARNATA,0,0,0,0,0,0,0,0,0
8/31/21,HS,SYRIACA,2,0,0,0,0,0,0,0,0
8/31/21,HS,SYRIACA,1,0,10,0,0,0,3,25,28
8/31/21,HS,SYRIACA,0,0,1,0,0,0,0,0,0
8/31/21,HS,SYRIACA,0,0,0,0,0,0,0,0,0
8/31/21,HS,SYRIACA,0,0,0,0,0,0,11,0,11
8/31/21,HS,TUBEROSA,1,0,0,0,0,0,0,120,120
8/31/21,HS,TUBEROSA,0,0,0,0,0,0,0,170,170
8/31/21,HS,TUBEROSA,0,0,0,0,0,0,0,190,190
8/31/21,HS,TUBEROSA,0,2,0,0,0,0,0,5,5
8/31/21,HS,TUBEROSA,0,1,0,0,0,0,0,0,0
8/31/21,AN,INCARNATA,0,0,0,0,0,0,0,0,0
8/31/21,AN,INCARNATA,0,0,0,0,0,0,0,0,0
8/31/21,AN,INCARNATA,0,0,0,0,0,0,0,0,0
8/31/21,AN,INCARNATA,0,0,0,0,0,0,0,0,0
8/31/21,AN,INCARNATA,0,0,0,0,0,0,0,0,0
8/31/21,AN,SYRIACA,0,0,0,0,0,0,8,0,8
8/31/21,AN,SYRIACA,0,0,5,0,0,0,4,0,4
8/31/21,AN,SYRIACA,0,1,0,0,0,0,10,12,22
8/31/21,AN,SYRIACA,0,2,0,0,0,0,11,0,11
8/31/21,AN,SYRIACA,0,1,0,0,0,0,14,0,14
8/31/21,AN,TUBEROSA,0,0,0,0,0,0,0,0,0
8/31/21,AN,TUBEROSA,0,0,0,0,0,0,0,0,0
8/31/21,AN,TUBEROSA,0,0,0,0,0,0,0,0,0
8/31/21,AN,TUBEROSA,0,0,0,0,0,0,0,0,0
8/31/21,AN,TUBEROSA,0,0,0,0,0,0,0,0,0
8/31/21,AB,INCARNATA,0,0,2,2,0,0,0,0,0
8/31/21,AB,INCARNATA,1,0,0,0,0,0,0,0,0
8/31/21,AB,INCARNATA,0,1,0,0,0,0,0,0,0
8/31/21,AB,INCARNATA,0,0,0,0,0,0,0,0,0
8/31/21,AB,INCARNATA,3,0,0,0,0,0,0,0,0
8/31/21,AB,SYRIACA,0,0,1,0,1,0,3,0,3
8/31/21,AB,SYRIACA,1,0,3,0,0,0,6,0,6
8/31/21,AB,SYRIACA,0,0,0,0,0,0,6,11,17
8/31/21,AB,SYRIACA,0,0,15,15,0,0,17,0,17
8/31/21,AB,SYRIACA,0,0,3,3,0,0,21,0,21
8/31/21,AB,TUBEROSA,0,0,1,0,0,0,0,0,0
8/31/21,AB,TUBEROSA,0,0,0,0,0,0,0,0,0
8/31/21,AB,TUBEROSA,0,0,1,0,0,0,0,0,0
8/31/21,AB,TUBEROSA,0,0,0,0,0,0,0,0,0
8/31/21,AB,TUBEROSA,0,0,0,0,0,0,0,0,0
8/31/21,AW,INCARNATA,0,0,1,0,1,0,0,25,25
8/31/21,AW,INCARNATA,0,0,1,0,1,0,0,1100,1100
8/31/21,AW,INCARNATA,0,0,0,0,0,0,0,630,630
8/31/21,AW,INCARNATA,0,2,0,0,0,0,0,20,20
8/31/21,AW,INCARNATA,0,1,1,0,0,1,0,210,210
8/31/21,AW,SYRIACA,1,0,4,0,0,0,11,0,11
8/31/21,AW,SYRIACA,0,0,7,0,0,0,0,20,20
8/31/21,AW,SYRIACA,1,2,1,0,0,0,0,1,1
8/31/21,AW,SYRIACA,1,0,0,0,0,0,0,0,0
8/31/21,AW,SYRIACA,0,0,0,0,0,0,0,4,4
8/31/21,AW,TUBEROSA,0,0,0,0,0,0,0,0,0
8/31/21,AW,TUBEROSA,0,0,0,0,0,0,0,0,0
8/31/21,AW,TUBEROSA,0,0,0,0,0,0,0,0,0
8/31/21,AW,TUBEROSA,0,0,0,0,0,0,0,35,35
8/31/21,AW,TUBEROSA,0,0,1,0,1,0,0,32,32
8/31/21,EB,INCARNATA,0,4,0,0,0,0,0,1,1
8/31/21,EB,INCARNATA,0,3,0,0,0,0,0,0,0
8/31/21,EB,INCARNATA,0,0,0,0,0,0,0,0,0
8/31/21,EB,SYRIACA,0,2,3,0,3,0,11,0,11
8/31/21,EB,SYRIACA,0,1,0,0,0,0,14,0,14
8/31/21,EB,SYRIACA,0,1,0,0,0,0,9,0,9
8/31/21,EB,SYRIACA,0,0,0,0,0,0,3,0,3
8/31/21,EB,SYRIACA,0,0,0,0,0,0,0,0,0
8/31/21,EB,TUBEROSA,0,0,0,0,0,0,0,0,0
8/31/21,EB,TUBEROSA,0,0,0,0,0,0,0,25,25
8/31/21,EB,TUBEROSA,0,0,0,0,0,0,0,0,0
8/31/21,EB,TUBEROSA,0,0,1,0,0,0,0,0,0
8/31/21,EB,TUBEROSA,0,0,0,0,0,0,0,0,0
8/31/21,JY,INCARNATA,0,0,0,0,0,0,0,1350,1350
8/31/21,JY,INCARNATA,0,0,0,0,0,0,0,1390,1390
8/31/21,JY,INCARNATA,0,0,0,0,0,0,0,2120,2120
8/31/21,JY,INCARNATA,0,1,0,0,0,0,0,2400,2400
8/31/21,JY,INCARNATA,0,0,0,0,0,0,0,0,0
8/31/21,JY,SYRIACA,0,1,2,2,0,0,185,70,255
8/31/21,JY,SYRIACA,2,0,2,0,0,0,240,700,940
8/31/21,JY,SYRIACA,0,0,3,0,0,0,156,430,586
8/31/21,JY,SYRIACA,2,0,0,0,0,0,8,920,928
8/31/21,JY,SYRIACA,0,0,1,0,0,0,67,1220,1287
8/31/21,JY,TUBEROSA,0,0,3,3,0,0,0,2,2
8/31/21,JY,TUBEROSA,0,0,0,0,0,0,0,6,6
8/31/21,JY,TUBEROSA,0,0,0,0,0,0,0,0,0
8/31/21,JY,TUBEROSA,0,0,0,0,0,0,0,0,0
8/31/21,JY,TUBEROSA,0,0,0,0,0,0,0,0,0
8/31/21,WE,SYRIACA,0,0,0,0,0,0,0,0,0
8/31/21,WE,SYRIACA,2,0,0,0,0,0,0,0,0
8/31/21,WE,SYRIACA,0,0,0,0,0,0,0,0,0
8/31/21,WE,SYRIACA,1,0,1,1,0,0,20,0,20
8/31/21,WE,SYRIACA,0,0,1,1,0,0,24,0,24
8/31/21,WE,TUBEROSA,0,0,0,0,0,0,0,0,0
8/31/21,WE,TUBEROSA,0,0,0,0,0,0,0,0,0
8/31/21,WE,TUBEROSA,0,0,0,0,0,0,0,0,0
8/31/21,WE,TUBEROSA,0,0,0,0,0,0,0,0,0
8/31/21,WE,TUBEROSA,0,0,0,0,0,0,0,0,0
8/31/21,LP,INCARNATA,4,0,0,0,0,0,0,67,67
8/31/21,LP,INCARNATA,0,0,1,1,0,0,0,21,21
8/31/21,LP,INCARNATA,3,0,0,0,0,0,16,0,16
8/31/21,LP,INCARNATA,1,0,0,0,0,0,0,0,0
8/31/21,LP,INCARNATA,1,0,0,0,0,0,0,0,0
8/31/21,LP,SYRIACA,0,0,0,0,0,0,58,0,58
8/31/21,LP,SYRIACA,0,0,0,0,0,0,13,0,13
8/31/21,LP,SYRIACA,0,0,0,0,0,0,35,0,35
8/31/21,LP,SYRIACA,0,0,0,0,0,0,65,0,65
8/31/21,LP,SYRIACA,0,1,0,0,0,0,340,5,345
8/31/21,LP,TUBEROSA,0,0,0,0,0,0,0,0,0
8/31/21,ST,INCARNATA,0,0,0,0,0,0,0,1300,1300
8/31/21,ST,INCARNATA,0,0,0,0,0,0,0,1100,1100
8/31/21,ST,INCARNATA,0,0,0,0,0,0,0,0,0
8/31/21,ST,INCARNATA,0,0,0,0,0,0,0,10,10
8/31/21,ST,INCARNATA,1,0,2,2,0,0,0,102,102
8/31/21,ST,SYRIACA,0,0,2,0,0,0,30,0,30
8/31/21,ST,SYRIACA,0,0,1,0,0,0,25,0,25
8/31/21,ST,SYRIACA,0,0,1,0,0,0,8,12,20
8/31/21,ST,SYRIACA,0,0,3,0,0,0,8,0,8
8/31/21,ST,SYRIACA,0,0,8,3,0,0,13,0,13
8/31/21,ST,TUBEROSA,0,0,0,0,0,0,0,0,0
8/31/21,ST,TUBEROSA,0,0,0,0,0,0,0,0,0
8/31/21,ST,TUBEROSA,0,0,0,0,0,0,0,0,0
8/31/21,ST,TUBEROSA,0,0,0,0,0,0,0,0,0
8/31/21,ST,TUBEROSA,0,0,0,0,0,0,0,0,0
8/31/21,SH,INCARNATA,0,0,0,0,0,0,0,5,5
8/31/21,SH,INCARNATA,0,0,0,0,0,0,0,8,8
8/31/21,SH,INCARNATA,0,0,0,0,0,0,0,17,17
8/31/21,SH,INCARNATA,0,1,0,0,0,0,0,4,4
8/31/21,SH,INCARNATA,0,0,0,0,0,0,0,210,210
8/31/21,SH,SYRIACA,0,0,0,0,0,0,5,4,9
8/31/21,SH,SYRIACA,1,0,0,0,0,0,19,2,21
8/31/21,SH,SYRIACA,2,0,0,0,0,0,13,0,13
8/31/21,SH,SYRIACA,0,0,0,0,0,0,3,7,10
8/31/21,SH,SYRIACA,0,0,0,0,0,0,48,4,52
8/31/21,SH,TUBEROSA,0,0,0,0,0,0,0,0,0
8/31/21,SH,TUBEROSA,0,0,0,0,0,0,0,0,0
8/31/21,SH,TUBEROSA,0,0,0,0,0,0,0,0,0
8/31/21,SH,TUBEROSA,0,0,0,0,0,0,0,0,0
8/31/21,SH,TUBEROSA,0,0,0,0,0,0,0,0,0
9/7/21,ST,INCARNATA,0,0,0,0,0,0,0,93,93
9/7/21,ST,INCARNATA,0,0,1,0,0,0,0,132,132
9/7/21,ST,INCARNATA,0,0,0,0,0,0,0,400,400
9/7/21,ST,INCARNATA,0,0,0,0,0,0,0,31,31
9/7/21,ST,INCARNATA,0,0,0,0,0,0,0,60,60
9/7/21,ST,SYRIACA,0,0,0,0,0,0,13,0,13
9/7/21,ST,SYRIACA,0,1,0,0,0,0,29,0,29
9/7/21,ST,SYRIACA,0,0,0,0,0,0,61,4,65
9/7/21,ST,SYRIACA,0,0,11,0,0,1,108,9,117
9/7/21,ST,SYRIACA,0,0,5,0,0,0,45,0,45
9/7/21,ST,TUBEROSA,0,0,0,0,0,0,0,0,0
9/7/21,ST,TUBEROSA,0,0,0,0,0,0,0,0,0
9/7/21,ST,TUBEROSA,0,0,0,0,0,0,0,0,0
9/7/21,ST,TUBEROSA,0,0,0,0,0,0,0,0,0
9/7/21,ST,TUBEROSA,0,0,0,0,0,0,0,0,0
9/7/21,HS,INCARNATA,2,0,0,0,0,0,0,0,0
9/7/21,HS,SYRIACA,0,0,0,0,0,0,0,1,1
9/7/21,HS,SYRIACA,0,0,0,0,0,0,0,6,6
9/7/21,HS,SYRIACA,0,0,0,0,0,0,0,0,0
9/7/21,HS,SYRIACA,0,0,0,0,0,0,3,0,3
9/7/21,HS,SYRIACA,0,0,0,0,0,0,2,0,2
9/7/21,HS,TUBEROSA,0,0,0,0,0,0,0,0,0
9/7/21,HS,TUBEROSA,0,0,0,0,0,0,0,0,0
9/7/21,HS,TUBEROSA,0,0,0,0,0,0,0,4,4
9/7/21,HS,TUBEROSA,0,0,0,0,0,0,0,70,70
9/7/21,HS,TUBEROSA,0,0,0,0,0,0,0,0,0
9/7/21,LP,INCARNATA,0,0,0,0,0,0,0,32,32
9/7/21,LP,INCARNATA,2,0,1,0,0,0,0,390,390
9/7/21,LP,INCARNATA,0,0,0,0,0,0,0,210,210
9/7/21,LP,INCARNATA,1,0,0,0,0,0,0,260,260
9/7/21,LP,INCARNATA,0,0,0,0,0,0,0,310,310
9/7/21,LP,SYRIACA,0,1,0,0,0,0,180,180,360
9/7/21,LP,SYRIACA,0,0,0,0,0,0,67,6,73
9/7/21,LP,SYRIACA,0,0,0,0,0,0,177,0,177
9/7/21,LP,SYRIACA,0,0,1,0,1,0,370,45,415
9/7/21,LP,SYRIACA,0,2,0,0,0,0,510,6,516
9/7/21,LP,TUBEROSA,0,0,0,0,0,0,0,0,0
9/7/21,AW,INCARNATA,0,0,0,0,0,0,0,3,3
9/7/21,AW,INCARNATA,0,0,2,0,1,0,0,30,30
9/7/21,AW,INCARNATA,0,0,1,0,1,0,0,330,330
9/7/21,AW,INCARNATA,0,0,1,0,1,0,0,310,310
9/7/21,AW,INCARNATA,0,0,1,0,1,0,0,470,470
9/7/21,AW,SYRIACA,1,0,0,0,0,0,1,3,4
9/7/21,AW,SYRIACA,0,0,1,0,0,0,0,6,6
9/7/21,AW,SYRIACA,0,0,0,0,0,0,3,0,3
9/7/21,AW,SYRIACA,0,0,0,0,0,0,3,8,11
9/7/21,AW,SYRIACA,1,0,0,0,0,0,0,3,3
9/7/21,AW,TUBEROSA,0,0,0,0,0,0,0,0,0
9/7/21,AW,TUBEROSA,0,0,0,0,0,0,0,4,4
9/7/21,AW,TUBEROSA,0,0,0,0,0,0,0,0,0
9/7/21,AW,TUBEROSA,0,0,0,0,0,0,0,0,0
9/7/21,AW,TUBEROSA,0,0,0,0,0,0,0,1,1
9/7/21,WE,SYRIACA,0,0,0,0,0,0,4,5,9
9/7/21,WE,SYRIACA,0,0,0,0,0,0,5,0,5
9/7/21,WE,SYRIACA,0,0,0,0,0,0,233,0,233
9/7/21,WE,SYRIACA,0,0,0,0,0,0,22,4,26
9/7/21,WE,SYRIACA,0,0,0,0,0,0,290,0,290
9/7/21,WE,TUBEROSA,0,0,0,0,0,0,0,0,0
9/7/21,WE,TUBEROSA,0,0,0,0,0,0,0,0,0
9/7/21,WE,TUBEROSA,0,0,0,0,0,0,0,0,0
9/7/21,WE,TUBEROSA,0,0,0,0,0,0,0,0,0
9/7/21,WE,TUBEROSA,0,0,0,0,0,0,0,0,0
9/7/21,AB,INCARNATA,0,0,0,0,0,0,0,0,0
9/7/21,AB,INCARNATA,0,1,0,0,0,0,0,1,1
9/7/21,AB,INCARNATA,0,0,0,0,0,0,0,0,0
9/7/21,AB,INCARNATA,0,0,0,0,0,0,0,0,0
9/7/21,AB,INCARNATA,0,0,0,0,0,0,0,3,3
9/7/21,AB,SYRIACA,0,0,3,0,3,0,9,0,9
9/7/21,AB,SYRIACA,0,0,0,0,0,0,3,0,3
9/7/21,AB,SYRIACA,0,0,0,0,0,0,4,0,4
9/7/21,AB,SYRIACA,0,0,0,0,0,0,12,0,12
9/7/21,AB,SYRIACA,0,0,0,0,0,0,13,0,13
9/7/21,AB,TUBEROSA,0,0,0,0,0,0,0,0,0
9/7/21,AB,TUBEROSA,0,0,0,0,0,0,0,0,0
9/7/21,AB,TUBEROSA,0,0,0,0,0,0,0,0,0
9/7/21,AB,TUBEROSA,0,0,0,0,0,0,0,0,0
9/7/21,AB,TUBEROSA,0,0,0,0,0,0,0,4,4
9/7/21,SH,INCARNATA,2,0,0,0,0,0,0,6,6
9/7/21,SH,INCARNATA,0,0,0,0,0,0,0,2,2
9/7/21,SH,INCARNATA,0,0,0,0,0,0,0,12,12
9/7/21,SH,INCARNATA,0,0,0,0,0,0,0,120,120
9/7/21,SH,INCARNATA,0,0,0,0,0,0,0,60,60
9/7/21,SH,SYRIACA,0,0,1,1,0,0,10,7,17
9/7/21,SH,SYRIACA,1,0,0,0,0,0,5,10,15
9/7/21,SH,SYRIACA,2,0,2,2,0,0,17,8,25
9/7/21,SH,SYRIACA,2,1,8,8,0,0,10,0,10
9/7/21,SH,SYRIACA,1,1,4,4,0,0,48,63,111
9/7/21,SH,TUBEROSA,0,0,0,0,0,0,0,0,0
9/7/21,SH,TUBEROSA,0,0,0,0,0,0,0,12,12
9/7/21,SH,TUBEROSA,0,0,0,0,0,0,0,17,17
9/7/21,SH,TUBEROSA,0,0,0,0,0,0,8,52,60
9/7/21,SH,TUBEROSA,0,0,0,0,0,0,0,4,4
9/7/21,AN,INCARNATA,0,0,0,0,0,0,0,0,0
9/7/21,AN,INCARNATA,0,0,0,0,0,0,0,0,0
9/7/21,AN,INCARNATA,0,0,0,0,0,0,0,0,0
9/7/21,AN,INCARNATA,0,0,0,0,0,0,0,0,0
9/7/21,AN,INCARNATA,0,0,0,0,0,0,0,0,0
9/7/21,AN,SYRIACA,0,0,0,0,0,0,3,0,3
9/7/21,AN,SYRIACA,0,0,0,0,0,0,8,0,8
9/7/21,AN,SYRIACA,0,1,0,0,0,0,1,0,1
9/7/21,AN,SYRIACA,0,0,0,0,0,0,0,0,0
9/7/21,AN,SYRIACA,0,0,0,0,0,0,2,9,11
9/7/21,AN,TUBEROSA,0,0,0,0,0,0,0,0,0
9/7/21,AN,TUBEROSA,0,0,0,0,0,0,0,0,0
9/7/21,AN,TUBEROSA,0,0,0,0,0,0,0,0,0
9/7/21,AN,TUBEROSA,0,0,0,0,0,0,0,0,0
9/7/21,AN,TUBEROSA,0,0,0,0,0,0,0,0,0
9/7/21,EB,INCARNATA,0,1,0,0,0,0,0,0,0
9/7/21,EB,INCARNATA,0,2,0,0,0,0,0,0,0
9/7/21,EB,INCARNATA,0,0,0,0,0,0,0,0,0
9/7/21,EB,SYRIACA,0,0,0,0,0,0,0,0,0
9/7/21,EB,SYRIACA,0,1,0,0,0,0,0,0,0
9/7/21,EB,SYRIACA,0,0,0,0,0,0,0,9,9
9/7/21,EB,SYRIACA,0,1,0,0,0,0,2,0,2
9/7/21,EB,SYRIACA,0,0,0,0,0,0,51,0,51
9/7/21,EB,TUBEROSA,0,0,0,0,0,0,0,8,8
9/7/21,EB,TUBEROSA,0,0,0,0,0,0,0,17,17
9/7/21,EB,TUBEROSA,0,1,1,0,1,0,0,0,0
9/7/21,EB,TUBEROSA,0,0,0,0,0,0,0,0,0
9/7/21,EB,TUBEROSA,0,0,0,0,0,0,0,0,0
9/7/21,JY,INCARNATA,0,0,0,0,0,0,0,1080,1080
9/7/21,JY,INCARNATA,0,1,0,0,0,0,0,1590,1590
9/7/21,JY,INCARNATA,0,1,0,0,0,0,0,3100,3100
9/7/21,JY,INCARNATA,0,0,1,1,0,0,0,1490,1490
9/7/21,JY,INCARNATA,0,0,0,0,0,0,0,58,58
9/7/21,JY,SYRIACA,0,0,11,11,0,0,60,1280,1340
9/7/21,JY,SYRIACA,0,0,4,2,2,0,22,990,1012
9/7/21,JY,SYRIACA,0,0,2,0,0,2,49,180,229
9/7/21,JY,SYRIACA,0,0,0,0,0,0,15,330,345
9/7/21,JY,SYRIACA,0,0,1,0,0,0,252,810,1062
9/7/21,JY,TUBEROSA,0,0,0,0,0,0,0,5,5
9/7/21,JY,TUBEROSA,0,0,0,0,0,0,0,15,15
9/7/21,JY,TUBEROSA,0,0,0,0,0,0,0,6,6
9/7/21,JY,TUBEROSA,0,0,0,0,0,0,0,0,0
9/7/21,JY,TUBEROSA,0,0,2,2,0,0,0,12,12
9/14/21,SH,INCARNATA,0,0,0,0,0,0,0,45,45
9/14/21,SH,INCARNATA,0,0,0,0,0,0,0,90,90
9/14/21,SH,INCARNATA,0,0,0,0,0,0,0,50,50
9/14/21,SH,INCARNATA,0,0,0,0,0,0,0,120,120
9/14/21,SH,INCARNATA,0,0,0,0,0,0,0,130,130
9/14/21,SH,SYRIACA,0,1,6,2,0,0,8,55,63
9/14/21,SH,SYRIACA,0,0,13,0,0,0,7,25,32
9/14/21,SH,SYRIACA,0,0,1,1,0,0,0,15,15
9/14/21,SH,SYRIACA,0,0,2,0,0,0,1,50,51
9/14/21,SH,SYRIACA,0,0,1,1,0,0,5,10,15
9/14/21,SH,TUBEROSA,0,0,1,1,0,0,0,0,0
9/14/21,SH,TUBEROSA,0,0,0,0,0,0,0,35,35
9/14/21,SH,TUBEROSA,0,0,0,0,0,0,0,0,0
9/14/21,SH,TUBEROSA,0,0,3,0,0,0,0,3,3
9/14/21,SH,TUBEROSA,0,0,0,0,0,0,0,35,35
9/14/21,HS,INCARNATA,0,0,0,0,0,0,0,12,12
9/14/21,HS,SYRIACA,0,0,0,0,0,0,0,0,0
9/14/21,HS,SYRIACA,0,0,0,0,0,0,1,0,1
9/14/21,HS,SYRIACA,0,0,0,0,0,0,0,0,0
9/14/21,HS,SYRIACA,0,0,0,0,0,0,2,0,2
9/14/21,HS,SYRIACA,0,0,6,0,0,2,5,5,10
9/14/21,HS,TUBEROSA,0,0,0,0,0,0,0,0,0
9/14/21,HS,TUBEROSA,0,0,0,0,0,0,0,12,12
9/14/21,HS,TUBEROSA,0,0,0,0,0,0,0,1,1
9/14/21,HS,TUBEROSA,0,0,0,0,0,0,0,0,0
9/14/21,HS,TUBEROSA,0,0,0,0,0,0,0,4,4
9/14/21,AN,INCARNATA,0,0,0,0,0,0,0,0,0
9/14/21,AN,INCARNATA,0,0,0,0,0,0,0,0,0
9/14/21,AN,INCARNATA,0,0,0,0,0,0,0,0,0
9/14/21,AN,INCARNATA,0,0,0,0,0,0,0,0,0
9/14/21,AN,INCARNATA,0,0,0,0,0,0,0,0,0
9/14/21,AN,SYRIACA,0,0,0,0,0,0,0,9,9
9/14/21,AN,SYRIACA,0,0,0,0,0,0,2,5,7
9/14/21,AN,SYRIACA,0,1,0,0,0,0,0,0,0
9/14/21,AN,SYRIACA,0,0,0,0,0,0,0,3,3
9/14/21,AN,SYRIACA,0,0,0,0,0,0,0,0,0
9/14/21,AN,TUBEROSA,0,0,0,0,0,0,0,0,0
9/14/21,AN,TUBEROSA,0,0,0,0,0,0,0,0,0
9/14/21,AN,TUBEROSA,0,0,0,0,0,0,0,0,0
9/14/21,AN,TUBEROSA,0,0,0,0,0,0,0,0,0
9/14/21,AN,TUBEROSA,0,0,0,0,0,0,0,0,0
9/14/21,AW,INCARNATA,0,0,0,0,0,0,0,250,250
9/14/21,AW,INCARNATA,0,0,3,0,0,0,0,485,485
9/14/21,AW,INCARNATA,0,0,0,0,0,0,0,330,330
9/14/21,AW,INCARNATA,0,0,0,0,0,0,0,75,75
9/14/21,AW,INCARNATA,0,0,0,0,0,0,0,34,34
9/14/21,AW,SYRIACA,0,0,2,0,0,0,4,10,14
9/14/21,AW,SYRIACA,0,2,3,0,0,0,0,5,5
9/14/21,AW,SYRIACA,0,0,2,0,0,0,0,11,11
9/14/21,AW,SYRIACA,0,0,3,0,0,3,3,0,3
9/14/21,AW,SYRIACA,0,0,1,0,0,0,0,6,6
9/14/21,AW,TUBEROSA,0,0,0,0,0,0,0,30,30
9/14/21,AW,TUBEROSA,0,0,0,0,0,0,0,0,0
9/14/21,AW,TUBEROSA,0,0,0,0,0,0,0,0,0
9/14/21,AW,TUBEROSA,0,0,0,0,0,0,0,23,23
9/14/21,AW,TUBEROSA,0,0,0,0,0,0,0,1,1
9/14/21,EB,INCARNATA,0,1,0,0,0,0,0,6,6
9/14/21,EB,INCARNATA,0,0,1,0,0,0,0,16,16
9/14/21,EB,INCARNATA,0,0,0,0,0,0,0,3,3
9/14/21,EB,SYRIACA,0,1,0,0,0,0,0,0,0
9/14/21,EB,SYRIACA,0,1,0,0,0,0,2,0,2
9/14/21,EB,SYRIACA,0,1,2,0,0,0,2,17,19
9/14/21,EB,SYRIACA,0,0,0,0,0,0,6,0,6
9/14/21,EB,SYRIACA,0,0,0,0,0,0,0,0,0
9/14/21,EB,TUBEROSA,0,0,0,0,0,0,0,25,25
9/14/21,EB,TUBEROSA,0,0,0,0,0,0,0,36,36
9/14/21,EB,TUBEROSA,0,0,0,0,0,0,0,0,0
9/14/21,EB,TUBEROSA,0,0,0,0,0,0,0,1,1
9/14/21,EB,TUBEROSA,0,0,0,0,0,0,0,0,0
9/14/21,ST,INCARNATA,0,0,0,0,0,0,0,40,40
9/14/21,ST,INCARNATA,0,0,4,0,0,0,0,530,530
9/14/21,ST,INCARNATA,0,0,0,0,0,0,0,21,21
9/14/21,ST,INCARNATA,0,0,0,0,0,0,0,38,38
9/14/21,ST,INCARNATA,0,0,0,0,0,0,0,1550,1550
9/14/21,ST,SYRIACA,0,0,15,2,0,0,44,90,134
9/14/21,ST,SYRIACA,0,0,14,0,0,1,22,1,23
9/14/21,ST,SYRIACA,0,0,7,0,0,0,41,2,43
9/14/21,ST,SYRIACA,0,0,13,3,0,0,36,0,36
9/14/21,ST,SYRIACA,0,0,3,0,0,0,18,0,18
9/14/21,ST,TUBEROSA,0,0,0,0,0,0,0,0,0
9/14/21,ST,TUBEROSA,0,0,0,0,0,0,0,0,0
9/14/21,LP,INCARNATA,0,0,0,0,0,0,0,5690,5690
9/14/21,LP,INCARNATA,0,0,0,0,0,0,0,750,750
9/14/21,LP,INCARNATA,0,0,0,0,0,0,0,1040,1040
9/14/21,LP,INCARNATA,0,0,0,0,0,0,0,2680,2680
9/14/21,LP,INCARNATA,0,0,0,0,0,0,0,1780,1780
9/14/21,LP,SYRIACA,0,0,0,0,0,0,445,14,459
9/14/21,LP,SYRIACA,0,0,1,0,1,0,180,17,197
9/14/21,LP,SYRIACA,0,1,0,0,0,0,390,0,390
9/14/21,LP,SYRIACA,0,0,0,0,0,0,65,0,65
9/14/21,LP,SYRIACA,0,0,0,0,0,0,180,0,180
9/14/21,LP,TUBEROSA,0,0,0,0,0,0,0,35,35
9/14/21,JY,INCARNATA,0,0,0,0,0,0,0,0,0
9/14/21,JY,INCARNATA,0,0,0,0,0,0,0,0,0
9/14/21,JY,INCARNATA,0,0,0,0,0,0,0,1660,1660
9/14/21,JY,INCARNATA,0,0,0,0,0,0,0,2000,2000
9/14/21,JY,INCARNATA,0,1,0,0,0,0,0,2490,2490
9/14/21,JY,SYRIACA,0,0,2,1,1,0,4,2990,2994
9/14/21,JY,SYRIACA,0,0,3,1,1,1,20,1010,1030
9/14/21,JY,SYRIACA,0,0,2,0,2,0,4,2310,2314
9/14/21,JY,SYRIACA,0,0,0,0,0,0,0,150,150
9/14/21,JY,SYRIACA,0,1,0,0,0,0,0,1900,1900
9/14/21,JY,TUBEROSA,0,0,0,0,0,0,0,39,39
9/14/21,JY,TUBEROSA,0,0,4,4,0,0,0,16,16
9/14/21,JY,TUBEROSA,0,0,5,5,0,0,0,45,45
9/14/21,JY,TUBEROSA,0,0,2,2,0,0,0,18,18
9/14/21,JY,TUBEROSA,0,0,0,0,0,0,0,0,0
9/14/21,WE,SYRIACA,0,0,0,0,0,0,13,2,15
9/14/21,WE,SYRIACA,0,0,0,0,0,0,4,3,7
9/14/21,WE,SYRIACA,0,0,3,0,0,0,103,0,103
9/14/21,WE,SYRIACA,0,0,1,1,0,0,80,1,81
9/14/21,WE,SYRIACA,0,0,0,0,0,0,16,2,18
9/14/21,WE,TUBEROSA,0,0,0,0,0,0,0,0,0
9/14/21,WE,TUBEROSA,0,0,0,0,0,0,0,0,0
9/14/21,WE,TUBEROSA,0,0,0,0,0,0,0,0,0
9/14/21,WE,TUBEROSA,0,0,0,0,0,0,0,0,0
9/14/21,WE,TUBEROSA,0,0,0,0,0,0,0,7,7
9/14/21,AB,INCARNATA,0,0,0,0,0,0,0,0,0
9/14/21,AB,INCARNATA,0,0,0,0,0,0,0,0,0
9/14/21,AB,INCARNATA,0,0,4,4,0,0,0,16,16
9/14/21,AB,INCARNATA,0,0,2,2,0,0,0,0,0
9/14/21,AB,INCARNATA,0,0,0,0,0,0,0,0,0
9/14/21,AB,SYRIACA,0,0,1,1,0,0,6,0,6
9/14/21,AB,SYRIACA,0,0,1,1,0,0,0,0,0
9/14/21,AB,SYRIACA,0,0,0,0,0,0,6,4,10
9/14/21,AB,SYRIACA,0,0,3,1,2,0,2,0,2
9/14/21,AB,SYRIACA,0,0,1,1,0,0,10,0,10
9/14/21,AB,TUBEROSA,0,0,6,6,0,0,0,37,37
9/14/21,AB,TUBEROSA,0,0,0,0,0,0,0,2,2
9/14/21,AB,TUBEROSA,0,0,0,0,0,0,0,0,0
9/14/21,AB,TUBEROSA,0,0,0,0,0,0,0,31,31
9/14/21,AB,TUBEROSA,0,0,0,0,0,0,0,0,0