WEEK,LOCATION,SPECIES,MON_EGG_TOT,MON_LARV_TOT,MYZ_ASC,APH_NER,APH_ASC,APH_TOT,FOR_SUB,FOR_PAL,FOR_TOT,LAS_NEO,LAS_TOT,TET_IMM,CRE_CER,ANT_TOT,LB_TOT,PARA,LWING
5,WE,TUBEROSA,0,0,0,0,0,0,0,0,0,0,0,0,0,0,0,0,0
5,WE,TUBEROSA,0,0,0,0,0,0,0,0,0,0,0,0,0,0,0,0,0
5,WE,TUBEROSA,0,0,0,0,0,0,0,0,0,0,0,0,0,0,0,0,0
5,WE,TUBEROSA,0,0,0,0,0,0,0,0,0,0,0,0,0,0,0,0,0
5,WE,TUBEROSA,0,0,0,0,0,0,0,0,0,0,0,0,0,0,0,0,0
5,WE,SYRIACA,1,0,8,0,0,8,0,0,0,0,0,0,0,0,0,0,0
5,WE,SYRIACA,5,0,80,0,0,80,0,0,0,0,0,0,0,0,0,0,0
5,WE,SYRIACA,0,2,255,0,0,255,0,0,0,2,2,0,0,2,0,0,0
5,WE,SYRIACA,0,0,17,0,0,17,0,0,0,1,1,0,0,1,0,0,0
5,WE,SYRIACA,1,0,2,0,0,2,0,0,0,0,0,0,0,0,0,0,0
5,AW,INCARNATA,2,0,0,0,0,0,0,0,0,0,0,0,0,0,0,0,0
5,AW,INCARNATA,0,0,0,0,0,0,0,0,0,0,0,0,0,0,0,0,0
5,AW,INCARNATA,0,0,0,0,0,0,1,0,1,0,0,0,0,1,0,0,0
5,AW,INCARNATA,2,1,0,0,0,0,0,0,0,0,0,0,0,0,0,0,0
5,AW,INCARNATA,0,0,0,0,0,0,0,0,0,0,0,0,0,0,0,0,0
5,AW,SYRIACA,3,0,9,0,0,9,0,3,3,0,0,0,0,4,0,3,0
5,AW,SYRIACA,0,0,7,0,0,7,0,1,1,0,0,0,0,1,0,0,0
5,AW,SYRIACA,2,0,13,0,0,13,0,1,1,0,0,0,0,1,0,1,0
5,AW,SYRIACA,1,1,5,0,0,5,0,3,3,0,0,0,0,3,0,1,0
5,AW,SYRIACA,3,0,4,0,0,4,0,0,0,0,0,0,0,11,0,0,0
5,AW,TUBEROSA,0,0,0,0,0,0,0,0,0,0,0,0,0,0,0,0,0
5,AW,TUBEROSA,0,0,0,0,0,0,0,0,0,0,0,0,0,0,0,0,0
5,AW,TUBEROSA,0,0,0,0,0,0,0,0,0,0,0,0,0,0,0,0,0
5,AW,TUBEROSA,0,0,0,0,0,0,0,0,0,0,0,0,0,0,0,0,0
5,AW,TUBEROSA,0,0,0,0,0,0,0,0,0,0,0,0,0,0,0,0,0
5,EB,INCARNATA,1,0,0,0,0,0,0,0,0,0,0,0,0,0,0,1,0
5,EB,INCARNATA,0,0,0,0,0,0,0,0,0,0,0,0,0,0,0,0,0
5,EB,SYRIACA,1,0,0,0,0,0,0,0,0,0,0,0,0,0,0,0,0
5,EB,SYRIACA,0,0,4,3,0,7,0,0,0,0,0,0,0,0,0,0,0
5,EB,SYRIACA,0,0,5,4,0,9,0,0,0,0,0,0,0,0,0,0,0
5,EB,SYRIACA,0,0,5,0,0,5,0,0,0,0,0,0,0,0,0,0,0
5,EB,SYRIACA,0,0,4,0,0,4,0,0,0,0,0,0,0,0,0,0,0
5,EB,TUBEROSA,0,0,0,0,0,0,0,2,2,1,1,0,0,3,0,0,0
5,EB,TUBEROSA,0,0,0,0,0,0,0,0,0,0,0,0,0,0,0,1,0
5,EB,TUBEROSA,0,0,0,0,0,0,0,0,0,0,0,0,0,0,0,0,0
5,EB,TUBEROSA,0,0,0,0,0,0,0,0,0,0,0,0,0,0,0,0,0
5,EB,TUBEROSA,0,0,0,0,0,0,0,0,0,0,0,0,0,0,0,0,0
5,AN,INCARNATA,0,0,0,0,0,0,0,0,0,0,0,0,0,0,0,0,0
5,AN,INCARNATA,0,0,0,0,0,0,0,0,0,0,0,0,0,0,0,0,0
5,AN,INCARNATA,0,0,0,0,0,0,0,0,0,0,0,0,0,0,0,0,0
5,AN,INCARNATA,0,0,0,0,0,0,2,0,2,0,0,0,0,2,0,0,0
5,AN,INCARNATA,1,0,0,0,0,0,2,0,2,0,0,0,0,2,0,0,0
5,AN,SYRIACA,0,0,3,0,0,3,0,2,2,0,0,0,0,2,1,0,0
5,AN,SYRIACA,0,0,3,0,0,3,0,0,0,0,0,0,0,0,0,0,0
5,AN,SYRIACA,0,0,11,0,0,11,0,0,0,0,0,0,0,0,0,0,0
5,AN,SYRIACA,0,0,16,0,0,16,0,12,12,0,0,0,0,12,0,4,0
5,AN,SYRIACA,0,0,19,0,0,19,0,2,2,0,0,2,0,4,0,0,0
5,AN,TUBEROSA,0,0,0,0,0,0,0,0,0,0,0,0,0,0,0,0,0
5,AN,TUBEROSA,0,0,0,0,0,0,0,0,0,0,0,0,0,0,0,0,0
5,AN,TUBEROSA,0,0,0,0,0,0,0,0,0,0,0,0,0,0,0,0,0
5,AN,TUBEROSA,0,0,0,0,0,0,0,0,0,0,0,0,0,0,0,0,0
5,AN,TUBEROSA,0,0,0,0,0,0,0,0,0,0,0,0,0,0,0,0,0
5,HS,INCARNATA,0,0,0,0,0,0,0,0,0,0,0,0,0,0,0,0,0
5,HS,SYRIACA,1,0,22,0,0,22,0,0,0,0,0,0,0,0,0,0,0
5,HS,SYRIACA,0,0,11,0,0,11,0,0,0,0,0,0,0,0,0,0,0
5,HS,SYRIACA,2,0,5,0,0,5,0,0,0,0,0,0,0,0,0,0,0
5,HS,SYRIACA,0,0,4,0,0,4,0,0,0,2,2,0,0,3,0,0,0
5,HS,SYRIACA,0,0,10,0,3,13,0,0,0,4,4,0,0,5,0,1,0
5,HS,TUBEROSA,0,0,0,0,0,0,0,0,0,0,0,0,0,0,0,0,0
5,HS,TUBEROSA,0,2,0,0,0,0,0,0,0,0,0,0,0,0,0,0,0
5,HS,TUBEROSA,0,0,0,0,0,0,0,0,0,0,0,0,0,0,0,0,0
5,HS,TUBEROSA,0,0,0,0,0,0,0,0,3,0,0,0,0,3,0,0,0
5,HS,TUBEROSA,0,0,0,0,0,0,0,0,0,0,0,0,0,0,0,0,0
5,AB,INCARNATA,0,0,0,0,0,0,0,0,0,0,0,0,0,0,0,0,0
5,AB,INCARNATA,0,0,0,0,0,0,0,0,0,0,0,0,0,0,0,0,0
5,AB,INCARNATA,0,0,0,0,0,0,0,0,0,0,0,0,0,0,0,0,0
5,AB,INCARNATA,0,0,0,0,0,0,0,0,0,0,0,0,0,0,0,1,0
5,AB,INCARNATA,0,0,0,0,0,0,0,0,0,0,0,0,0,0,0,0,0
5,AB,SYRIACA,0,0,18,0,0,18,0,0,0,0,0,0,0,0,0,0,0
5,AB,SYRIACA,2,0,6,0,0,6,0,0,0,2,2,0,0,2,0,0,0
5,AB,SYRIACA,1,0,7,0,0,7,0,0,0,8,8,0,0,8,0,0,0
5,AB,SYRIACA,0,0,0,0,0,0,0,0,0,4,4,0,0,4,0,0,0
5,AB,SYRIACA,1,0,8,0,0,8,0,0,0,0,0,0,0,0,0,0,0
5,AB,TUBEROSA,0,0,0,0,0,0,0,0,0,0,0,0,0,0,0,0,0
5,AB,TUBEROSA,0,0,0,0,0,0,0,0,0,1,1,0,0,1,0,1,0
5,AB,TUBEROSA,0,0,0,0,0,0,0,0,0,0,0,0,0,0,0,0,0
5,AB,TUBEROSA,0,0,0,0,0,0,0,0,0,0,0,0,0,0,0,0,0
5,AB,TUBEROSA,0,1,0,0,0,0,0,0,0,0,0,0,0,0,0,0,0
5,JY,INCARNATA,0,0,10,0,0,10,1,0,1,0,0,0,0,1,0,1,1
5,JY,INCARNATA,0,0,3,0,0,3,0,0,0,0,0,0,0,0,0,0,0
5,JY,INCARNATA,0,0,11,0,0,11,0,0,0,0,0,0,0,0,1,2,0
5,JY,INCARNATA,0,0,0,0,0,0,0,0,0,0,0,0,0,0,0,0,0
5,JY,INCARNATA,1,0,0,0,0,0,0,0,0,0,0,0,0,0,0,0,0
5,JY,SYRIACA,0,0,1170,0,0,1170,3,0,3,0,0,11,0,20,4,1,1
5,JY,SYRIACA,0,0,3510,0,0,3510,0,0,0,0,0,0,0,0,0,0,0
5,JY,SYRIACA,0,0,140,0,0,140,0,0,0,0,0,0,0,0,0,0,0
5,JY,SYRIACA,1,0,325,0,0,325,1,0,1,0,0,0,0,1,1,2,0
5,JY,SYRIACA,0,0,450,0,0,450,0,0,0,0,0,0,0,0,0,0,0
5,JY,TUBEROSA,0,0,0,0,0,0,0,0,0,0,0,0,0,0,0,0,0
5,JY,TUBEROSA,0,0,0,0,0,0,0,0,0,0,0,0,0,0,0,0,0
5,JY,TUBEROSA,0,0,0,0,0,0,0,0,0,0,0,0,0,0,0,0,0
5,JY,TUBEROSA,0,0,0,0,0,0,0,0,0,0,0,0,0,0,0,0,0
5,JY,TUBEROSA,0,0,0,0,0,0,0,0,0,0,0,0,0,0,0,0,0
5,LP,INCARNATA,3,0,0,0,0,0,0,0,0,0,0,0,0,0,0,0,0
5,LP,INCARNATA,1,0,0,0,0,0,0,0,0,0,0,0,0,0,0,0,0
5,LP,INCARNATA,2,0,0,0,0,0,0,0,0,0,0,0,0,0,0,0,0
5,LP,INCARNATA,6,0,0,0,0,0,0,0,0,0,0,0,0,0,0,0,0
5,LP,INCARNATA,1,0,0,0,0,0,0,0,0,0,0,0,0,0,0,0,0
5,LP,SYRIACA,1,3,5,0,0,5,0,0,0,0,0,0,0,0,0,0,0
5,LP,SYRIACA,1,0,0,0,0,0,0,0,0,0,0,0,0,0,0,0,0
5,LP,SYRIACA,0,5,2,0,0,2,0,0,0,0,0,0,0,0,0,0,0
5,LP,SYRIACA,3,0,9,0,0,9,0,0,0,0,0,0,0,3,0,0,0
5,LP,SYRIACA,2,0,7,0,0,7,0,0,0,0,0,0,0,0,0,0,0
5,LP,TUBEROSA,1,0,0,0,0,0,0,0,0,0,0,0,0,0,0,0,0
5,ST,INCARNATA,0,0,0,0,0,1,0,0,0,0,0,0,0,1,0,0,0
5,ST,INCARNATA,0,0,0,0,0,0,0,0,0,0,0,0,0,2,0,0,0
5,ST,INCARNATA,0,0,0,0,0,0,0,0,0,0,0,0,0,1,0,0,0
5,ST,INCARNATA,0,0,0,0,0,0,0,0,0,0,0,0,0,0,0,0,0
5,ST,INCARNATA,0,0,0,0,0,0,0,0,0,0,0,0,0,0,0,2,0
5,ST,SYRIACA,0,0,10,0,0,10,0,1,1,0,0,0,0,1,0,1,0
5,ST,SYRIACA,0,0,4,0,0,4,0,0,0,0,0,0,0,1,0,0,0
5,ST,SYRIACA,0,0,4,0,0,4,0,0,0,0,0,0,0,3,0,0,0
5,ST,SYRIACA,0,0,0,0,0,0,0,0,0,1,1,0,0,1,0,0,0
5,ST,SYRIACA,0,0,2,0,0,2,1,0,1,5,26,0,0,27,0,0,0
5,ST,TUBEROSA,0,0,0,0,0,0,0,0,0,0,0,0,0,0,0,0,0
5,ST,TUBEROSA,0,0,0,0,0,0,0,0,0,0,0,0,0,0,0,0,0
5,ST,TUBEROSA,0,0,0,0,0,0,0,0,0,0,0,0,0,0,0,0,0
5,ST,TUBEROSA,0,0,0,0,0,0,0,0,0,0,0,0,0,0,0,0,0
5,ST,TUBEROSA,0,0,0,0,0,0,0,0,0,0,0,0,0,0,0,0,0
5,SH,INCARNATA,0,0,0,0,0,0,0,0,0,0,0,0,0,0,0,0,0
5,SH,INCARNATA,0,0,0,0,0,0,0,0,0,0,0,0,0,0,0,0,0
5,SH,INCARNATA,0,0,0,0,0,0,0,0,0,0,0,0,0,0,0,1,0
5,SH,INCARNATA,1,1,0,0,1,1,0,0,0,0,0,0,0,0,0,1,0
5,SH,INCARNATA,3,0,0,0,0,0,0,0,0,0,0,0,0,0,0,0,0
5,SH,SYRIACA,1,1,0,0,0,12,0,0,0,6,6,0,0,6,0,0,0
5,SH,SYRIACA,0,0,7,0,0,7,0,0,0,0,0,0,0,0,0,0,0
5,SH,SYRIACA,1,0,15,0,0,15,0,0,0,3,3,0,0,3,0,0,0
5,SH,SYRIACA,1,1,4,0,0,4,0,0,0,2,2,0,0,2,0,0,0
5,SH,SYRIACA,0,1,2,0,0,2,0,0,0,0,0,0,0,0,0,0,0
5,SH,TUBEROSA,0,0,0,0,0,0,0,0,0,0,0,0,0,0,0,1,0
5,SH,TUBEROSA,0,0,0,0,0,0,0,0,0,0,0,0,0,0,0,0,0
5,SH,TUBEROSA,0,0,0,0,0,0,0,0,0,0,0,0,0,0,0,0,0
5,SH,TUBEROSA,0,0,0,0,0,0,0,0,0,0,0,0,0,0,0,0,0
5,SH,TUBEROSA,0,0,0,0,0,0,0,0,0,0,0,0,0,0,0,0,0
6,SH,INCARNATA,1,1,0,0,0,0,0,0,0,0,0,0,0,0,0,0,0
6,SH,INCARNATA,3,0,0,0,0,0,0,0,0,0,0,0,0,0,0,0,0
6,SH,INCARNATA,6,0,0,0,0,0,0,0,0,0,0,0,0,0,0,1,0
6,SH,INCARNATA,3,0,0,0,0,0,0,0,0,0,0,0,0,0,0,0,0
6,SH,INCARNATA,1,0,0,0,0,0,0,0,0,0,0,0,0,0,0,0,0
6,SH,SYRIACA,0,0,0,0,0,1,0,0,0,0,0,0,0,0,0,0,0
6,SH,SYRIACA,3,0,41,0,0,41,0,0,0,4,4,0,0,4,0,0,0
6,SH,SYRIACA,3,0,50,0,0,51,0,0,0,3,3,0,0,3,0,0,0
6,SH,SYRIACA,0,1,3,0,0,3,0,0,0,0,0,0,0,0,0,0,0
6,SH,SYRIACA,0,0,1,0,0,1,0,0,0,0,0,0,0,0,0,0,0
6,SH,TUBEROSA,0,0,0,0,0,0,0,0,0,0,0,0,0,0,0,0,0
6,SH,TUBEROSA,0,0,0,0,0,0,0,0,0,0,0,0,0,0,0,0,0
6,SH,TUBEROSA,0,0,0,0,0,0,0,0,0,0,0,0,0,0,0,0,0
6,SH,TUBEROSA,0,0,0,0,0,0,0,0,0,0,0,0,0,0,0,0,0
6,SH,TUBEROSA,0,0,0,0,0,0,0,0,0,0,0,0,0,0,0,0,0
6,ST,INCARNATA,0,0,0,0,0,0,0,0,0,0,0,0,0,0,0,0,0
6,ST,INCARNATA,0,0,0,0,0,0,0,0,0,0,0,0,0,0,0,0,0
6,ST,INCARNATA,0,0,0,0,0,0,0,0,0,0,0,0,0,0,0,0,0
6,ST,INCARNATA,2,0,0,0,0,0,0,0,0,0,0,0,0,0,0,0,0
6,ST,INCARNATA,0,0,0,0,0,0,0,0,0,0,0,0,0,0,0,0,0
6,ST,SYRIACA,0,0,5,0,0,5,0,0,0,0,0,0,0,0,0,0,0
6,ST,SYRIACA,0,0,49,0,0,49,1,0,1,0,0,0,0,1,0,0,0
6,ST,SYRIACA,1,0,2,0,0,2,0,0,0,0,0,0,0,0,0,0,0
6,ST,SYRIACA,2,1,58,0,0,58,0,0,0,0,0,0,0,0,0,3,0
6,ST,SYRIACA,2,0,15,0,0,15,0,0,0,0,0,0,0,0,0,0,0
6,ST,TUBEROSA,0,0,0,0,0,0,0,0,0,0,0,0,0,0,0,0,0
6,ST,TUBEROSA,0,0,0,0,0,0,0,0,0,0,0,0,0,0,0,0,0
6,ST,TUBEROSA,0,0,0,0,0,0,0,0,0,0,0,0,0,0,0,0,0
6,ST,TUBEROSA,0,0,0,0,0,0,0,0,0,0,0,0,0,0,0,0,0
6,ST,TUBEROSA,0,0,0,0,0,0,0,0,0,0,0,0,0,0,0,0,0
6,LP,INCARNATA,1,0,0,0,0,0,0,0,0,0,0,0,0,0,0,0,0
6,LP,INCARNATA,1,0,0,0,0,0,0,0,0,0,0,0,0,0,0,3,0
6,LP,INCARNATA,3,0,0,0,0,0,0,0,0,0,0,0,0,0,0,0,0
6,LP,INCARNATA,1,0,0,0,0,0,0,0,0,0,0,0,0,0,0,0,0
6,LP,INCARNATA,1,0,0,0,0,0,0,0,0,0,0,0,0,0,0,0,0
6,LP,SYRIACA,0,0,0,0,1,1,0,0,0,0,0,0,0,0,0,0,0
6,LP,SYRIACA,0,0,3,0,3,6,0,0,0,0,0,0,0,0,0,0,0
6,LP,SYRIACA,2,1,35,0,0,35,0,0,0,0,0,0,0,0,0,0,0
6,LP,SYRIACA,4,0,20,0,9,29,0,0,0,0,0,0,0,0,0,0,0
6,LP,SYRIACA,1,0,30,0,0,30,0,0,0,0,0,0,0,0,0,0,0
6,LP,TUBEROSA,1,1,0,0,0,0,0,0,0,0,0,0,0,0,0,0,0
6,JY,INCARNATA,1,0,0,0,0,0,0,0,0,0,0,0,0,0,0,0,0
6,JY,INCARNATA,0,1,0,0,0,0,0,0,0,0,0,0,0,0,0,0,0
6,JY,INCARNATA,1,0,0,0,0,0,0,0,0,0,0,0,0,0,0,0,0
6,JY,INCARNATA,1,0,0,0,0,0,0,0,0,0,0,0,0,0,0,0,0
6,JY,INCARNATA,0,0,0,0,0,0,0,0,0,0,0,0,0,0,0,0,0
6,JY,SYRIACA,0,0,1440,0,0,1440,0,0,0,0,0,0,0,0,1,0,2
6,JY,SYRIACA,0,1,160,0,0,160,0,0,0,0,0,0,0,0,0,0,0
6,JY,SYRIACA,1,0,520,0,0,520,0,0,0,0,0,0,0,0,0,0,0
6,JY,SYRIACA,1,1,2170,0,0,2170,1,1,2,0,0,0,0,2,1,0,0
6,JY,SYRIACA,1,0,2200,0,0,2200,1,0,1,0,0,0,0,1,1,0,0
6,JY,TUBEROSA,0,0,0,0,0,0,0,0,0,0,0,0,0,0,0,0,0
6,JY,TUBEROSA,0,0,0,0,0,0,0,0,0,0,0,0,0,0,0,0,0
6,JY,TUBEROSA,0,0,0,0,0,0,0,0,0,0,0,0,0,0,0,0,0
6,JY,TUBEROSA,0,0,0,0,0,0,0,0,0,0,0,0,0,0,0,0,0
6,JY,TUBEROSA,0,0,0,0,0,0,0,0,0,0,0,0,0,0,0,0,0
6,WE,SYRIACA,1,3,0,0,0,0,0,0,0,0,0,0,0,0,0,0,0
6,WE,SYRIACA,0,0,0,0,0,0,0,0,0,0,0,0,0,0,0,0,0
6,WE,SYRIACA,0,0,0,0,0,0,0,0,0,0,0,0,0,0,0,0,0
6,WE,SYRIACA,0,0,402,0,0,402,0,0,0,0,0,0,0,0,0,0,1
6,WE,SYRIACA,6,0,579,0,0,579,0,0,0,0,0,0,0,0,0,1,0
6,WE,TUBEROSA,0,0,0,0,0,0,0,0,0,0,0,0,0,0,0,0,0
6,WE,TUBEROSA,0,0,6,0,0,6,0,0,0,1,1,0,0,1,0,0,0
6,WE,TUBEROSA,0,0,0,0,0,0,0,0,0,0,0,0,0,0,0,0,0
6,WE,TUBEROSA,0,0,0,0,0,0,0,0,0,0,0,0,0,0,0,0,0
6,WE,TUBEROSA,0,0,0,0,0,0,0,0,0,0,0,0,0,0,0,0,0
6,AN,INCARNATA,0,0,0,0,0,0,0,0,0,0,0,0,0,0,0,0,0
6,AN,INCARNATA,0,0,0,0,0,0,0,0,0,0,0,0,0,0,0,0,0
6,AN,INCARNATA,0,1,0,0,0,1,0,0,0,0,0,0,0,0,0,0,0
6,AN,INCARNATA,0,0,0,0,0,0,0,0,0,0,0,0,0,0,0,0,0
6,AN,INCARNATA,0,0,0,0,0,0,0,0,0,0,0,0,0,0,0,0,0
6,EB,INCARNATA,10,0,0,2,0,2,0,1,1,0,0,0,0,1,2,0,0
6,EB,INCARNATA,5,1,0,0,0,0,0,0,0,0,0,0,0,0,0,0,0
6,AN,TUBEROSA,0,0,0,0,0,0,0,0,0,0,0,0,0,0,0,0,0
6,AN,TUBEROSA,0,0,0,0,0,0,0,0,0,0,0,0,0,0,0,0,0
6,AN,TUBEROSA,0,0,0,0,0,0,0,0,0,0,0,0,0,0,0,0,0
6,AN,TUBEROSA,0,0,0,0,0,0,0,0,0,0,0,0,0,0,0,0,0
6,AN,TUBEROSA,0,0,0,0,0,0,0,0,0,0,0,0,0,0,0,0,0
6,AN,SYRIACA,0,0,12,0,0,12,0,0,0,0,0,0,0,0,0,0,0
6,AN,SYRIACA,0,0,60,0,0,60,0,11,11,0,0,0,0,11,0,0,0
6,AN,SYRIACA,0,0,5,0,0,6,0,1,1,0,0,0,0,1,0,0,0
6,AN,SYRIACA,0,0,0,0,0,0,0,0,0,0,0,0,0,0,0,0,0
6,AN,SYRIACA,0,0,6,0,0,6,0,0,0,0,0,0,0,0,0,0,0
6,EB,SYRIACA,1,0,8,0,0,8,0,0,0,0,0,0,0,0,0,0,0
6,EB,SYRIACA,4,0,6,0,0,6,1,0,1,0,0,0,0,1,0,0,0
6,EB,SYRIACA,1,0,32,8,0,40,0,0,0,0,0,0,0,0,0,0,0
6,EB,SYRIACA,9,0,4,0,0,4,0,0,0,0,0,0,0,0,0,0,0
6,EB,SYRIACA,2,0,0,0,0,0,0,0,0,0,0,0,0,0,0,0,0
6,EB,TUBEROSA,0,0,0,0,0,0,0,0,0,0,0,0,0,0,0,1,0
6,EB,TUBEROSA,1,0,0,15,0,15,0,0,0,0,0,0,0,0,0,0,0
6,EB,TUBEROSA,0,0,0,0,0,0,0,0,0,0,0,0,0,0,0,0,0
6,EB,TUBEROSA,0,0,0,0,0,0,0,0,0,0,0,0,0,0,0,0,0
6,EB,TUBEROSA,0,0,0,0,0,0,0,0,0,0,0,0,0,0,0,0,0
6,HS,INCARNATA,0,0,0,0,0,0,0,0,0,0,0,0,0,0,0,0,0
6,HS,SYRIACA,2,0,6,0,0,6,0,0,0,1,1,0,0,1,0,0,0
6,HS,SYRIACA,0,0,254,0,0,254,0,0,0,0,0,0,0,0,0,0,0
6,HS,SYRIACA,2,0,11,0,0,11,0,1,1,0,0,0,0,1,0,0,0
6,HS,SYRIACA,0,0,475,0,0,476,0,0,0,0,0,1,0,1,0,0,0
6,HS,SYRIACA,0,0,176,0,0,176,0,0,0,0,0,0,0,0,0,0,0
6,HS,TUBEROSA,0,0,0,0,0,0,0,0,0,0,0,0,0,0,0,0,0
6,HS,TUBEROSA,0,0,0,0,0,0,0,0,0,0,0,0,0,0,0,1,0
6,HS,TUBEROSA,0,0,0,0,0,0,0,0,0,0,0,0,0,0,0,0,0
6,HS,TUBEROSA,0,0,0,0,0,0,0,0,0,0,0,0,0,0,0,0,0
6,HS,TUBEROSA,1,0,0,0,0,0,0,0,0,0,0,0,0,0,0,0,0
6,AW,INCARNATA,2,1,0,0,0,0,0,0,0,0,0,0,0,0,0,0,0
6,AW,INCARNATA,8,0,0,0,0,0,0,0,0,0,0,0,0,0,0,2,0
6,AW,INCARNATA,1,1,0,0,0,0,0,0,0,0,0,0,0,0,0,1,0
6,AW,INCARNATA,5,0,0,0,0,0,0,0,0,0,0,0,0,0,0,0,0
6,AW,INCARNATA,0,0,0,0,0,0,0,0,0,0,0,0,0,0,0,0,0
6,AW,SYRIACA,2,0,0,0,0,0,0,0,0,0,0,0,0,0,0,1,0
6,AW,SYRIACA,2,0,0,0,0,0,0,0,0,0,0,0,0,0,1,0,0
6,AW,SYRIACA,1,0,0,0,0,0,0,0,0,0,0,0,0,0,0,0,0
6,AW,SYRIACA,0,0,0,0,0,0,0,0,0,0,0,0,0,0,0,0,0
6,AW,SYRIACA,1,0,0,0,0,0,0,0,0,0,0,0,0,0,0,0,0
6,AW,TUBEROSA,0,0,0,0,0,0,0,0,0,0,0,0,0,0,0,0,0
6,AW,TUBEROSA,0,0,0,0,0,0,0,0,0,0,0,0,0,0,0,0,0
6,AW,TUBEROSA,0,0,0,0,0,0,0,0,0,0,0,0,0,0,0,0,0
6,AW,TUBEROSA,0,0,0,0,0,0,0,0,0,0,0,0,0,0,0,0,0
6,AW,TUBEROSA,0,0,0,0,0,0,0,0,0,0,0,0,0,0,0,0,0
6,AB,INCARNATA,1,0,0,0,0,0,0,0,0,0,0,0,0,0,0,2,0
6,AB,INCARNATA,1,0,0,0,0,0,0,0,0,0,0,0,0,0,0,0,0
6,AB,INCARNATA,0,0,0,0,0,0,0,0,0,0,0,0,0,0,0,1,0
6,AB,INCARNATA,2,0,0,0,0,0,0,0,0,0,0,0,0,0,0,0,0
6,AB,INCARNATA,0,0,0,0,0,0,0,0,0,0,0,0,0,0,0,2,0
6,AB,SYRIACA,0,0,0,0,0,0,0,0,0,0,0,0,0,0,0,0,0
6,AB,SYRIACA,0,0,0,0,0,0,0,0,0,0,0,0,0,0,0,0,0
6,AB,SYRIACA,0,0,6,0,0,6,0,0,0,0,0,0,0,0,0,0,0
6,AB,SYRIACA,0,0,8,0,0,8,0,0,0,2,2,0,0,2,0,0,0
6,AB,SYRIACA,0,0,0,0,0,0,0,0,0,0,0,0,0,0,0,0,0
6,AB,TUBEROSA,0,0,0,0,0,0,0,0,0,0,0,0,0,0,0,0,0
6,AB,TUBEROSA,0,0,0,0,0,0,0,0,0,0,0,0,0,0,0,0,0
6,AB,TUBEROSA,1,0,0,0,0,0,0,0,0,0,0,0,0,0,0,0,0
6,AB,TUBEROSA,0,0,0,0,0,0,0,0,0,0,0,0,0,0,0,0,0
6,AB,TUBEROSA,0,0,0,0,0,0,0,0,0,0,0,0,0,0,0,0,0
7,SH,INCARNATA,1,0,0,0,0,0,0,0,0,0,0,0,0,0,0,0,0
7,SH,INCARNATA,2,1,0,0,0,0,0,0,0,0,0,0,0,0,0,1,0
7,SH,INCARNATA,6,1,0,0,0,0,0,0,0,0,0,0,0,0,0,0,0
7,SH,INCARNATA,0,0,0,0,0,0,0,0,0,0,0,0,0,0,0,0,0
7,SH,INCARNATA,1,0,2,0,0,2,0,0,0,0,0,0,0,0,0,0,0
7,SH,SYRIACA,0,0,45,0,0,45,0,1,1,1,1,0,0,2,1,0,0
7,SH,SYRIACA,2,0,7,0,0,7,0,0,0,0,0,0,0,0,0,0,0
7,SH,SYRIACA,0,0,9,7,0,16,0,0,0,0,0,0,0,0,0,0,0
7,SH,SYRIACA,3,0,17,0,0,17,0,0,0,2,2,0,0,2,0,0,0
7,SH,SYRIACA,1,0,83,0,0,83,0,0,0,5,5,0,0,5,0,0,0
7,SH,TUBEROSA,0,0,0,0,0,0,0,0,0,0,0,0,0,0,0,0,0
7,SH,TUBEROSA,0,0,0,0,0,0,0,0,0,0,0,0,0,0,0,0,0
7,SH,TUBEROSA,0,0,0,0,0,0,0,0,0,0,0,0,0,0,0,0,0
7,SH,TUBEROSA,0,0,0,0,0,0,0,0,0,0,0,0,0,0,0,0,0
7,SH,TUBEROSA,0,0,0,0,0,0,0,0,0,0,0,0,0,0,0,0,0
7,ST,INCARNATA,2,0,0,0,0,0,0,0,0,0,0,0,0,1,0,1,0
7,ST,INCARNATA,2,0,0,0,0,0,0,0,0,0,0,0,0,0,0,0,0
7,ST,INCARNATA,0,0,0,0,0,0,0,0,0,0,0,0,0,0,0,0,0
7,ST,INCARNATA,0,0,0,0,0,0,0,0,0,0,0,0,0,0,0,0,0
7,ST,INCARNATA,3,0,0,9,0,9,0,0,0,0,0,0,0,0,0,0,0
7,ST,SYRIACA,0,0,7,0,0,7,0,0,0,0,0,0,0,0,0,0,0
7,ST,SYRIACA,4,0,0,0,0,0,0,0,0,0,0,0,0,0,0,0,0
7,ST,SYRIACA,2,1,0,0,28,28,0,0,0,6,6,0,0,6,0,0,0
7,ST,SYRIACA,0,0,9,0,0,9,0,0,0,0,0,0,0,1,0,0,0
7,ST,SYRIACA,0,0,28,0,0,28,0,0,0,0,0,0,0,0,0,0,0
7,ST,TUBEROSA,0,0,0,0,0,0,0,0,0,0,0,0,0,0,0,0,0
7,ST,TUBEROSA,0,0,0,0,0,0,0,0,0,0,0,0,0,0,0,0,0
7,ST,TUBEROSA,0,0,0,0,0,0,0,0,0,0,0,0,0,0,0,0,0
7,ST,TUBEROSA,0,0,0,0,0,0,0,0,0,0,0,0,0,0,0,0,0
7,ST,TUBEROSA,0,0,0,0,0,0,0,0,0,0,0,0,0,0,0,0,0
7,LP,INCARNATA,3,0,0,0,0,0,0,0,0,0,0,0,0,0,0,0,0
7,LP,INCARNATA,8,1,0,0,0,0,0,0,0,0,0,0,0,0,0,0,0
7,LP,INCARNATA,1,0,0,0,0,0,0,0,0,0,0,0,0,0,0,0,0
7,LP,INCARNATA,3,0,0,0,0,0,0,0,0,0,0,0,0,0,0,0,0
7,LP,INCARNATA,9,0,0,0,0,0,0,0,0,0,0,0,0,0,0,0,0
7,LP,SYRIACA,2,0,13,0,0,13,0,0,0,0,0,0,0,0,0,0,0
7,LP,SYRIACA,3,0,16,0,17,33,0,0,0,0,0,0,0,0,0,1,0
7,LP,SYRIACA,1,0,24,0,0,24,0,0,0,0,0,0,0,0,0,0,0
7,LP,SYRIACA,1,1,0,0,0,0,0,0,0,0,0,0,0,0,0,0,0
7,LP,SYRIACA,1,0,0,0,0,0,0,0,0,0,0,0,0,0,0,0,0
7,LP,TUBEROSA,1,0,0,0,0,0,0,0,0,0,0,0,0,0,0,0,0
7,JY,INCARNATA,1,1,19,760,0,779,1,0,1,0,0,0,0,1,0,1,0
7,JY,INCARNATA,7,0,12,0,0,12,0,0,0,0,0,0,0,0,1,1,0
7,JY,INCARNATA,0,1,5,6,0,11,0,0,0,0,0,0,0,0,0,0,0
7,JY,INCARNATA,14,4,17,0,0,17,0,0,0,0,0,0,0,0,0,0,0
7,JY,INCARNATA,1,1,0,0,0,0,0,0,0,0,0,0,0,0,0,0,0
7,JY,SYRIACA,2,0,4470,0,0,4470,1,0,1,0,0,0,0,1,0,0,1
7,JY,SYRIACA,6,1,530,0,0,531,0,0,0,0,0,0,0,0,0,0,0
7,JY,SYRIACA,0,1,2830,14,0,2844,1,0,1,0,0,0,0,1,0,0,0
7,JY,SYRIACA,1,0,1107,0,0,1107,0,0,0,0,0,0,0,0,0,0,0
7,JY,SYRIACA,1,0,12,0,0,12,0,0,0,0,0,0,0,0,0,0,0
7,JY,TUBEROSA,0,0,0,0,0,0,0,0,0,0,0,0,0,0,0,0,0
7,JY,TUBEROSA,0,0,0,0,0,1,0,0,0,0,0,0,0,0,0,0,0
7,JY,TUBEROSA,0,0,0,0,0,0,0,0,0,0,0,0,0,0,0,0,0
7,JY,TUBEROSA,0,0,0,0,0,0,0,0,0,0,0,0,0,0,0,0,0
7,JY,TUBEROSA,0,0,0,0,0,0,0,0,0,0,0,0,0,0,0,0,0
7,WE,SYRIACA,0,1,0,0,0,0,0,0,0,0,0,0,0,0,0,0,0
7,WE,SYRIACA,5,1,0,0,0,0,0,0,0,0,0,0,0,0,0,0,0
7,WE,SYRIACA,0,0,66,0,0,66,0,0,0,0,0,0,0,0,0,0,0
7,WE,SYRIACA,1,2,52,0,0,52,0,0,0,0,0,0,0,0,0,0,0
7,WE,SYRIACA,0,1,256,0,0,256,0,0,0,4,4,0,0,5,0,0,0
7,WE,TUBEROSA,0,0,0,0,0,0,0,0,0,0,0,0,0,0,0,0,0
7,WE,TUBEROSA,0,0,0,0,0,0,0,0,0,0,0,0,0,0,0,0,0
7,WE,TUBEROSA,0,1,0,0,0,0,0,0,0,0,0,0,0,0,0,0,0
7,WE,TUBEROSA,0,0,0,0,0,0,0,0,0,0,0,0,0,0,0,0,0
7,WE,TUBEROSA,0,0,0,0,0,1,0,0,0,0,0,0,0,0,0,0,0
7,AB,INCARNATA,0,0,0,0,0,0,0,0,0,0,0,0,0,0,0,0,0
7,AB,INCARNATA,1,0,0,0,0,0,0,0,0,0,0,0,0,0,0,3,0
7,AB,INCARNATA,0,0,0,0,0,0,0,0,0,0,0,0,0,0,0,0,0
7,AB,INCARNATA,1,0,0,0,0,0,0,0,0,0,0,0,0,0,0,0,0
7,AB,INCARNATA,1,0,0,0,0,0,0,0,0,0,0,0,0,0,0,0,0
7,AB,SYRIACA,1,0,28,0,0,28,0,0,0,4,4,0,0,4,0,1,0
7,AB,SYRIACA,6,0,3,0,0,3,0,0,0,0,0,0,0,0,0,0,0
7,AB,SYRIACA,1,0,0,0,0,0,0,0,0,1,1,0,0,1,0,0,0
7,AB,SYRIACA,1,0,5,0,0,5,0,0,0,0,0,0,0,0,0,0,0
7,AB,SYRIACA,0,0,16,0,0,16,0,0,0,2,2,0,0,2,0,0,0
7,AB,TUBEROSA,0,0,0,0,0,0,0,0,0,0,0,0,0,0,0,0,0
7,AB,TUBEROSA,1,0,0,0,0,0,0,0,0,0,0,0,0,0,0,0,0
7,AB,TUBEROSA,1,0,0,0,0,0,0,0,0,0,0,0,0,0,0,0,0
7,AB,TUBEROSA,0,0,0,0,0,0,0,0,0,0,0,0,0,0,0,0,0
7,AB,TUBEROSA,0,0,0,0,0,0,0,0,0,0,0,0,0,0,0,0,0
7,HS,INCARNATA,0,0,0,0,0,0,0,0,0,0,0,0,0,0,0,0,0
7,HS,SYRIACA,1,0,3,0,0,3,0,0,0,1,1,0,0,1,0,0,0
7,HS,SYRIACA,0,0,0,0,0,0,0,0,0,0,0,0,0,0,0,0,0
7,HS,SYRIACA,2,2,30,0,0,31,0,0,0,0,0,0,0,0,0,0,0
7,HS,SYRIACA,0,0,0,0,0,0,0,0,0,0,0,0,0,0,0,0,0
7,HS,SYRIACA,2,1,151,0,0,151,0,0,0,0,0,0,0,0,0,0,0
7,HS,TUBEROSA,0,0,0,0,0,0,0,0,0,0,0,0,0,0,0,0,0
7,HS,TUBEROSA,0,0,0,0,0,0,0,0,0,0,0,0,0,0,0,0,0
7,HS,TUBEROSA,0,0,0,0,0,0,0,0,0,0,0,0,0,0,0,0,0
7,HS,TUBEROSA,0,0,0,0,0,0,0,0,0,0,0,0,0,0,0,0,0
7,HS,TUBEROSA,0,1,0,0,0,0,0,0,0,0,0,0,0,0,0,0,0
7,AN,INCARNATA,1,0,0,0,0,0,0,0,0,0,0,0,0,0,0,0,0
7,AN,INCARNATA,0,0,0,0,0,0,0,0,0,0,0,0,0,0,0,0,0
7,AN,INCARNATA,0,0,0,0,0,0,0,0,0,0,0,0,0,0,0,0,0
7,AN,INCARNATA,1,0,0,0,0,0,0,0,0,0,0,0,0,0,0,0,0
7,AN,INCARNATA,0,0,0,0,0,0,0,0,0,2,2,0,0,2,0,0,0
7,AN,SYRIACA,0,0,13,0,0,13,0,0,0,0,0,0,0,0,0,0,0
7,AN,SYRIACA,0,0,19,0,0,19,0,2,2,0,0,0,0,2,0,0,0
7,AN,SYRIACA,1,0,31,0,0,31,0,3,3,0,0,0,0,3,0,0,0
7,AN,SYRIACA,1,0,20,0,0,20,1,0,1,0,0,4,0,5,0,0,0
7,AN,SYRIACA,0,0,11,0,0,11,2,0,2,0,0,0,0,2,0,0,0
7,AN,TUBEROSA,0,0,0,0,0,0,0,0,0,0,0,0,0,0,0,0,0
7,AN,TUBEROSA,0,0,0,0,0,0,0,0,0,0,0,0,0,0,0,0,0
7,AN,TUBEROSA,0,0,0,0,0,0,0,0,0,0,0,0,0,0,0,0,0
7,AN,TUBEROSA,0,0,0,0,0,0,0,0,0,0,0,0,0,0,0,0,0
7,AN,TUBEROSA,0,0,0,0,0,0,0,0,0,0,0,0,0,0,0,0,0
7,EB,INCARNATA,4,1,0,12,0,12,0,1,1,0,0,0,0,1,0,0,0
7,EB,INCARNATA,14,0,0,1,0,1,0,1,1,0,0,0,0,1,0,0,0
7,EB,INCARNATA,4,0,0,29,0,31,0,0,0,0,0,0,0,0,0,1,0
7,EB,INCARNATA,2,1,0,0,0,1,0,0,0,0,0,0,0,0,0,0,0
7,EB,SYRIACA,1,0,0,0,0,0,0,0,0,0,0,0,0,0,0,0,0
7,EB,SYRIACA,0,1,0,0,0,0,0,0,0,0,0,0,0,0,0,0,0
7,EB,SYRIACA,0,1,48,13,0,61,0,0,0,0,0,0,0,0,0,0,0
7,EB,SYRIACA,5,0,8,0,0,8,0,0,0,0,0,0,0,0,0,0,0
7,EB,SYRIACA,5,2,0,0,0,0,0,0,0,0,0,0,0,0,0,0,0
7,EB,TUBEROSA,1,1,0,0,0,0,0,0,0,0,0,0,0,2,0,1,0
7,EB,TUBEROSA,1,3,0,0,0,0,0,0,0,0,0,0,0,0,0,0,0
7,EB,TUBEROSA,0,0,0,0,0,0,0,0,0,0,0,0,0,0,0,0,0
7,EB,TUBEROSA,1,0,0,0,0,0,0,0,0,0,0,0,0,0,0,0,0
7,EB,TUBEROSA,1,0,0,0,0,0,0,0,0,0,0,0,0,0,0,0,0
7,AW,INCARNATA,9,0,0,0,0,0,0,0,0,0,0,0,0,0,0,0,0
7,AW,INCARNATA,3,0,0,0,0,0,1,0,1,0,0,0,0,1,0,0,0
7,AW,INCARNATA,0,0,0,0,0,0,0,0,0,0,0,0,0,0,0,0,0
7,AW,INCARNATA,4,0,0,1,0,1,7,0,7,0,0,0,0,7,0,0,0
7,AW,INCARNATA,0,0,0,0,0,0,0,0,0,0,0,0,0,0,0,0,0
7,AW,SYRIACA,1,0,0,0,0,0,0,0,0,0,0,0,0,0,0,0,0
7,AW,SYRIACA,0,0,0,0,0,0,0,0,0,0,0,0,0,0,0,0,0
7,AW,SYRIACA,3,0,5,8,0,13,0,1,1,0,0,0,0,1,0,1,0
7,AW,SYRIACA,0,0,2,0,0,2,0,0,0,0,0,0,0,0,0,0,0
7,AW,SYRIACA,0,0,0,0,0,0,1,0,1,0,0,0,0,1,0,0,0
7,AW,TUBEROSA,0,0,0,0,0,0,0,0,0,0,0,0,0,0,0,0,0
7,AW,TUBEROSA,0,0,0,0,0,0,0,0,0,0,0,0,0,0,0,0,0
7,AW,TUBEROSA,0,0,0,0,0,0,0,0,0,0,0,0,0,0,0,0,0
7,AW,TUBEROSA,0,0,0,0,0,0,0,0,0,0,0,0,0,0,0,0,0
7,AW,TUBEROSA,0,0,0,1,0,1,0,0,0,0,0,0,0,0,0,0,0
8,HS,INCARNATA,0,0,0,0,0,0,0,0,0,0,0,0,0,0,0,0,0
8,HS,SYRIACA,0,0,840,0,0,840,0,0,0,0,0,0,0,0,0,0,0
8,HS,SYRIACA,0,0,1420,0,0,1420,0,0,0,0,0,0,0,0,5,0,0
8,HS,SYRIACA,2,0,650,0,0,650,0,0,0,0,0,0,0,0,0,0,0
8,HS,SYRIACA,2,3,18,47,123,188,4,0,4,2,2,0,133,139,0,2,0
8,HS,SYRIACA,0,0,16,0,19,35,0,0,0,0,0,0,8,8,0,1,0
8,HS,TUBEROSA,0,0,0,1,0,1,0,0,0,0,0,0,0,0,0,0,0
8,HS,TUBEROSA,0,0,0,0,0,0,0,0,0,0,0,0,0,0,0,0,0
8,HS,TUBEROSA,0,0,0,0,0,0,0,0,0,0,0,0,0,0,0,0,0
8,HS,TUBEROSA,0,0,0,0,0,0,0,0,0,0,0,0,0,0,0,0,0
8,HS,TUBEROSA,1,0,0,0,0,0,0,0,0,0,0,0,0,0,0,0,0
8,AN,INCARNATA,0,0,0,0,0,0,0,0,0,0,0,0,0,0,0,0,0
8,AN,INCARNATA,0,0,0,0,0,0,0,0,0,0,0,0,0,0,0,0,0
8,AN,INCARNATA,0,2,0,0,0,0,0,0,0,0,0,0,0,0,0,0,0
8,AN,INCARNATA,0,0,0,0,0,0,0,0,0,0,0,0,0,0,0,0,0
8,AN,INCARNATA,0,0,0,0,0,0,0,0,0,0,0,0,0,0,0,0,0
8,AN,SYRIACA,0,0,7,0,0,7,0,1,1,0,0,0,0,1,0,0,0
8,AN,SYRIACA,1,0,0,0,0,0,0,0,0,0,0,0,0,0,0,0,0
8,AN,SYRIACA,1,1,5,0,0,5,0,1,1,0,0,0,0,1,0,0,0
8,AN,SYRIACA,1,0,0,0,0,0,0,0,0,0,0,0,0,0,0,0,0
8,AN,SYRIACA,0,0,0,0,0,0,0,0,0,0,0,0,0,0,0,0,0
8,AN,TUBEROSA,0,0,0,0,0,0,0,0,0,0,0,0,0,0,0,0,0
8,AN,TUBEROSA,0,0,0,0,0,0,0,0,0,0,0,0,0,0,0,0,0
8,AN,TUBEROSA,0,0,0,0,0,0,0,0,0,0,0,0,0,0,0,0,0
8,AN,TUBEROSA,0,0,0,0,0,0,0,0,0,0,0,0,0,0,0,0,0
8,AN,TUBEROSA,0,0,0,0,0,0,0,0,0,0,0,0,0,0,0,0,0
8,EB,INCARNATA,2,0,14,8,0,22,0,0,0,0,0,0,0,0,0,0,0
8,EB,INCARNATA,3,1,0,6,0,6,0,0,0,0,0,0,0,0,0,0,0
8,EB,INCARNATA,1,0,1,13,0,14,0,0,0,0,0,0,0,0,0,0,0
8,EB,INCARNATA,0,1,0,20,0,20,0,0,0,0,0,0,0,0,0,0,0
8,EB,INCARNATA,0,0,0,6,1,7,0,0,0,0,0,0,0,0,0,0,0
8,EB,SYRIACA,3,1,0,3,0,3,0,0,0,0,0,0,0,0,0,0,0
8,EB,SYRIACA,2,1,0,27,0,27,0,0,0,0,0,0,0,0,0,0,0
8,EB,SYRIACA,6,0,0,5,0,5,0,0,0,0,0,0,0,0,0,0,0
8,EB,SYRIACA,1,0,0,3,0,3,0,0,0,0,0,0,0,0,0,0,0
8,EB,SYRIACA,1,0,0,0,0,0,0,0,0,0,0,0,0,0,0,0,0
8,EB,TUBEROSA,2,0,0,0,0,0,0,0,0,0,0,0,0,0,0,0,0
8,EB,TUBEROSA,0,3,0,0,0,0,0,0,0,0,0,0,0,0,0,0,0
8,EB,TUBEROSA,0,0,0,0,0,0,0,0,0,0,0,0,0,0,0,0,0
8,EB,TUBEROSA,0,0,0,0,0,0,0,0,0,0,0,0,0,0,0,0,0
8,EB,TUBEROSA,2,0,0,0,0,0,0,1,1,0,0,0,0,1,0,0,0
8,AW,INCARNATA,1,0,0,0,0,0,0,0,0,0,0,0,0,0,0,0,0
8,AW,INCARNATA,4,0,0,0,0,0,0,0,0,0,0,0,0,0,0,0,0
8,AW,INCARNATA,3,0,0,0,0,0,0,0,0,0,0,0,0,0,0,0,0
8,AW,INCARNATA,0,0,0,22,0,22,0,0,0,0,0,0,0,0,0,0,0
8,AW,INCARNATA,0,0,0,1,0,1,0,0,0,0,0,0,0,0,0,0,0
8,AW,SYRIACA,0,0,0,3,0,3,0,0,0,0,0,0,0,0,0,0,0
8,AW,SYRIACA,0,1,0,11,0,11,0,0,0,0,0,0,0,0,0,0,0
8,AW,SYRIACA,0,0,0,0,0,0,0,0,0,0,0,0,0,0,0,0,0
8,AW,SYRIACA,0,0,3,0,0,3,0,0,0,0,0,0,0,0,0,0,0
8,AW,SYRIACA,0,1,0,0,0,0,1,1,2,0,0,0,0,2,0,0,0
8,AW,TUBEROSA,1,0,0,0,0,0,0,0,0,0,0,0,0,0,0,0,0
8,AW,TUBEROSA,0,0,0,0,0,0,0,0,0,0,0,0,0,0,0,0,0
8,AW,TUBEROSA,0,0,0,0,0,0,0,0,0,0,0,0,0,0,0,0,0
8,AW,TUBEROSA,0,0,0,0,0,0,0,0,0,0,0,0,0,0,0,0,0
8,AW,TUBEROSA,0,0,0,21,0,21,0,0,0,0,0,0,0,0,0,0,0
8,AB,TUBEROSA,1,0,0,0,0,0,0,0,0,0,0,0,0,0,0,0,0
8,AB,TUBEROSA,0,0,0,0,0,0,0,0,0,0,0,0,0,0,0,0,0
8,AB,TUBEROSA,0,0,0,0,0,0,0,0,0,0,0,0,0,0,0,0,0
8,AB,TUBEROSA,2,1,0,0,0,0,0,0,0,0,0,0,0,0,0,0,0
8,AB,TUBEROSA,0,0,0,0,0,0,0,0,0,0,0,0,0,0,0,0,0
8,AB,SYRIACA,0,0,2,0,0,2,0,0,0,2,2,0,0,2,0,0,0
8,AB,SYRIACA,0,0,6,0,0,6,0,0,0,0,0,0,0,0,0,0,0
8,AB,SYRIACA,0,0,1,0,0,1,0,0,0,0,0,0,0,0,0,0,0
8,AB,SYRIACA,0,0,2,0,0,2,0,0,0,0,0,0,0,0,0,0,0
8,AB,SYRIACA,0,0,4,0,0,4,0,0,0,0,0,0,0,0,0,0,0
8,AB,INCARNATA,1,1,0,0,0,0,0,0,0,0,0,0,0,0,0,0,0
8,AB,INCARNATA,3,0,0,0,0,0,0,0,0,0,0,0,0,0,0,0,0
8,AB,INCARNATA,1,0,0,0,0,0,0,0,0,0,0,0,0,0,0,0,0
8,AB,INCARNATA,3,0,0,3,0,3,0,0,0,0,0,0,0,0,0,0,0
8,AB,INCARNATA,1,1,0,0,0,0,0,0,0,0,0,0,0,0,0,0,0
8,WE,SYRIACA,2,0,0,0,0,0,0,0,0,0,0,0,0,0,0,0,0
8,WE,SYRIACA,0,1,9,0,0,9,0,0,0,0,0,0,0,0,0,0,0
8,WE,SYRIACA,0,2,151,0,0,151,0,0,0,0,0,0,0,0,0,0,0
8,WE,SYRIACA,0,0,7,0,0,7,0,0,0,0,0,0,0,0,0,0,1
8,WE,SYRIACA,0,0,26,0,0,26,0,0,0,0,0,0,0,0,0,0,0
8,WE,TUBEROSA,1,1,0,0,0,0,0,0,0,0,0,0,0,0,0,0,0
8,WE,TUBEROSA,0,0,0,0,0,0,0,0,0,0,0,0,0,0,0,0,0
8,WE,TUBEROSA,0,0,0,0,0,0,0,0,0,0,0,0,0,0,0,0,0
8,WE,TUBEROSA,0,0,0,0,0,0,0,0,0,0,0,0,0,0,0,0,0
8,WE,TUBEROSA,0,0,0,0,0,0,0,0,0,0,0,0,0,0,0,0,0
8,JY,SYRIACA,0,2,2680,17,0,2697,0,2,2,1,1,0,0,3,1,0,0
8,JY,SYRIACA,1,3,5990,120,0,6126,0,1,1,0,0,0,0,1,2,0,0
8,JY,SYRIACA,9,1,85,0,0,85,0,0,0,0,0,0,0,0,0,0,0
8,JY,SYRIACA,3,0,86,17,0,103,0,0,0,0,0,0,0,0,0,0,0
8,JY,SYRIACA,4,2,740,30,0,770,0,0,0,0,0,0,0,0,0,0,0
8,JY,INCARNATA,0,1,0,44,0,44,0,0,0,0,0,0,0,0,0,0,0
8,JY,INCARNATA,2,2,0,13,0,13,0,0,0,0,0,0,0,0,0,0,2
8,JY,INCARNATA,0,0,0,0,0,0,0,0,0,0,0,0,0,0,0,0,0
8,JY,INCARNATA,0,0,0,0,0,0,0,0,0,0,0,0,0,0,0,0,0
8,JY,INCARNATA,0,0,0,1,0,1,0,0,0,0,0,0,0,0,0,0,0
8,JY,TUBEROSA,0,0,0,0,0,0,0,0,0,0,0,0,0,0,0,0,0
8,JY,TUBEROSA,0,0,0,0,0,0,0,0,0,0,0,0,0,0,0,0,0
8,JY,TUBEROSA,0,0,0,0,0,0,0,0,0,0,0,0,0,0,0,0,0
8,JY,TUBEROSA,0,0,0,3,0,3,0,0,0,0,0,0,0,0,0,0,0
8,JY,TUBEROSA,0,0,0,0,0,0,0,0,0,0,0,0,0,0,0,0,0
8,LP,INCARNATA,3,0,0,0,0,0,0,0,0,0,0,0,0,0,0,0,0
8,LP,INCARNATA,3,0,0,0,0,0,0,0,0,0,0,0,0,0,0,0,0
8,LP,INCARNATA,2,0,0,0,0,0,0,0,0,0,0,0,0,0,0,0,0
8,LP,INCARNATA,3,0,0,0,0,0,0,0,0,0,0,0,0,0,0,0,0
8,LP,INCARNATA,0,0,0,0,0,0,0,0,0,0,0,0,0,0,0,0,0
8,LP,SYRIACA,2,1,14,0,0,14,0,0,0,0,0,0,0,0,0,0,0
8,LP,SYRIACA,0,3,22,0,0,22,0,0,0,0,0,0,0,0,0,0,0
8,LP,SYRIACA,2,0,49,0,0,49,0,0,0,0,0,0,0,0,0,0,0
8,LP,SYRIACA,1,3,41,0,0,41,0,0,0,0,0,0,0,0,0,0,0
8,LP,SYRIACA,3,2,84,2,0,86,0,0,0,0,0,0,0,0,0,0,0
8,LP,TUBEROSA,0,0,0,0,0,0,0,0,0,0,0,0,0,0,0,0,0
8,SH,INCARNATA,4,0,0,0,0,0,0,0,0,0,0,0,0,0,0,0,0
8,SH,INCARNATA,3,0,0,0,0,0,0,0,0,0,0,0,0,0,0,0,0
8,SH,INCARNATA,2,1,0,0,0,0,0,0,0,0,0,0,0,0,0,0,0
8,SH,INCARNATA,2,0,0,0,0,0,0,0,0,0,0,0,0,0,0,0,0
8,SH,INCARNATA,1,0,0,0,0,0,0,0,0,0,0,0,0,0,0,0,0
8,SH,SYRIACA,5,1,48,0,0,48,0,0,0,4,4,0,0,4,0,0,0
8,SH,SYRIACA,1,1,0,0,0,0,0,0,0,0,0,0,0,0,0,0,0
8,SH,SYRIACA,0,0,28,490,0,518,0,1,1,0,0,0,0,1,0,1,0
8,SH,SYRIACA,3,1,69,0,0,69,0,1,1,3,3,0,0,4,0,0,0
8,SH,SYRIACA,0,0,52,0,0,52,0,0,0,1,1,0,0,1,0,0,0
8,SH,TUBEROSA,0,0,0,0,0,0,0,0,0,0,0,0,0,0,0,0,0
8,SH,TUBEROSA,0,0,0,0,0,0,0,0,0,1,1,0,0,1,0,0,0
8,SH,TUBEROSA,0,0,0,0,0,0,0,0,0,0,0,0,0,0,0,0,0
8,SH,TUBEROSA,0,0,0,0,0,0,0,0,0,0,0,0,0,0,0,0,0
8,SH,TUBEROSA,0,0,0,0,0,0,0,0,0,0,0,0,0,0,0,0,0
8,ST,INCARNATA,0,1,0,0,0,0,0,0,0,0,0,0,0,0,0,0,0
8,ST,INCARNATA,0,0,0,8,0,8,0,0,0,0,0,0,0,0,0,0,0
8,ST,INCARNATA,0,0,0,4,0,4,0,0,0,0,0,0,0,0,0,0,0
8,ST,INCARNATA,0,0,0,0,0,0,0,0,0,0,0,0,0,0,0,0,0
8,ST,INCARNATA,0,0,0,0,0,0,0,0,0,0,0,0,0,0,0,0,0
8,ST,SYRIACA,0,0,0,0,0,0,0,0,0,0,0,0,0,0,0,0,0
8,ST,SYRIACA,0,0,8,0,0,8,0,0,0,1,1,0,0,1,0,0,0
8,ST,SYRIACA,0,0,0,0,0,0,0,0,0,0,0,0,0,0,0,0,0
8,ST,SYRIACA,1,1,38,0,0,38,0,0,0,0,0,0,0,0,0,0,0
8,ST,SYRIACA,0,0,34,0,0,34,0,0,0,0,0,0,0,0,0,0,0
8,ST,TUBEROSA,0,0,0,0,0,0,0,0,0,0,0,0,0,0,0,0,0
8,ST,TUBEROSA,0,0,0,0,0,0,0,0,0,0,0,0,0,0,0,0,0
8,ST,TUBEROSA,0,0,0,0,0,0,0,0,0,0,0,0,0,0,0,0,0
8,ST,TUBEROSA,0,0,0,0,0,0,0,0,0,0,0,0,0,0,0,0,0
8,ST,TUBEROSA,0,0,0,0,0,0,0,0,0,0,0,0,0,0,0,0,0
9,ST,INCARNATA,0,0,12,2,0,14,0,0,0,0,0,0,0,0,0,0,0
9,ST,INCARNATA,1,1,0,570,0,570,0,0,0,0,0,0,0,0,0,0,0
9,ST,INCARNATA,0,1,0,56,0,56,0,0,0,0,0,0,0,0,0,0,0
9,ST,INCARNATA,0,0,0,2241,0,2241,0,0,0,0,0,0,0,0,0,4,0
9,ST,INCARNATA,0,0,0,11,0,11,0,0,0,0,0,0,0,0,0,0,0
9,ST,SYRIACA,1,0,25,0,0,25,0,0,0,1,1,0,0,1,0,0,0
9,ST,SYRIACA,0,0,8,0,0,8,0,0,0,1,1,0,0,1,0,0,0
9,ST,SYRIACA,0,0,80,0,0,80,0,0,0,2,4,0,16,20,0,0,0
9,ST,SYRIACA,2,0,36,0,0,36,0,0,0,0,1,0,0,1,0,0,0
9,ST,SYRIACA,0,0,6,0,0,6,0,0,0,0,0,0,0,0,0,0,0
9,ST,TUBEROSA,0,0,0,0,0,0,0,0,0,0,0,0,0,0,0,0,0
9,ST,TUBEROSA,0,0,2,0,0,2,0,0,0,0,0,0,0,0,0,0,0
9,ST,TUBEROSA,0,0,0,0,0,0,0,0,0,0,0,0,0,0,0,0,0
9,ST,TUBEROSA,0,0,0,0,0,0,0,0,0,0,0,0,0,0,0,0,0
9,ST,TUBEROSA,0,0,0,0,0,0,0,0,0,0,0,0,0,0,0,0,0
9,LP,INCARNATA,5,0,0,0,0,0,0,0,0,1,1,0,0,1,0,0,0
9,LP,INCARNATA,1,0,0,0,0,0,0,0,0,3,3,0,0,3,0,0,0
9,LP,INCARNATA,0,0,0,0,0,0,0,0,0,2,2,0,0,2,0,0,0
9,LP,INCARNATA,3,0,0,0,0,0,0,0,0,0,0,0,0,0,0,0,0
9,LP,INCARNATA,4,0,0,0,0,0,0,0,0,0,0,0,0,0,0,1,0
9,LP,SYRIACA,3,1,18,0,0,18,0,0,0,0,0,0,0,0,0,0,0
9,LP,SYRIACA,0,2,41,0,0,41,0,0,0,0,0,0,0,0,0,0,0
9,LP,SYRIACA,0,0,30,0,0,30,0,0,0,0,0,0,0,1,0,0,0
9,LP,SYRIACA,0,1,24,0,0,24,0,0,0,0,0,0,0,0,0,0,0
9,LP,SYRIACA,2,0,22,0,0,22,0,0,0,0,0,0,0,0,0,0,0
9,LP,TUBEROSA,0,0,0,0,0,0,0,0,0,0,0,0,0,0,0,0,0
9,WE,SYRIACA,1,1,0,0,0,0,0,0,0,0,0,0,0,0,0,0,0
9,WE,SYRIACA,0,0,0,0,0,0,0,0,0,0,0,0,0,0,0,0,0
9,WE,SYRIACA,0,0,5,3,0,8,0,0,0,0,0,0,0,0,0,0,0
9,WE,SYRIACA,0,0,59,12,0,71,0,0,0,0,0,0,0,0,0,0,0
9,WE,SYRIACA,1,3,860,0,0,860,0,0,0,1,1,0,0,1,0,0,0
9,WE,TUBEROSA,0,0,0,0,0,0,0,0,0,0,0,0,0,0,0,0,1
9,WE,TUBEROSA,0,0,0,0,0,0,0,0,0,0,0,0,0,0,0,0,0
9,WE,TUBEROSA,0,0,0,0,0,0,0,0,0,0,0,0,0,0,0,0,0
9,WE,TUBEROSA,0,0,0,0,0,0,0,0,0,0,0,0,0,0,0,0,0
9,WE,TUBEROSA,0,0,0,0,0,0,0,0,0,0,0,0,0,0,0,0,0
9,AB,INCARNATA,1,0,0,0,0,0,0,0,0,0,0,0,0,0,0,0,0
9,AB,INCARNATA,0,1,0,0,0,0,0,0,0,0,0,0,0,0,0,0,0
9,AB,INCARNATA,1,0,0,0,0,0,0,0,0,0,0,0,0,0,0,0,0
9,AB,INCARNATA,1,0,0,0,0,0,0,0,0,0,0,0,0,0,0,0,0
9,AB,INCARNATA,2,0,0,0,0,0,0,0,0,0,0,0,0,0,0,0,0
9,AB,SYRIACA,0,0,2,0,0,2,0,0,0,0,0,0,0,0,0,0,0
9,AB,SYRIACA,0,0,6,0,0,6,0,0,0,4,4,0,0,4,0,0,0
9,AB,SYRIACA,0,2,0,0,0,0,0,0,0,1,1,0,0,1,0,0,0
9,AB,SYRIACA,0,0,0,0,0,0,0,0,0,0,0,0,0,0,0,0,0
9,AB,SYRIACA,0,0,1,0,0,1,0,0,0,8,8,0,0,8,0,0,0
9,AB,TUBEROSA,0,1,2,0,0,2,0,0,0,2,2,0,0,2,0,0,0
9,AB,TUBEROSA,1,0,0,0,0,0,0,0,0,1,1,0,0,1,0,0,0
9,AB,TUBEROSA,0,1,0,0,0,0,0,0,0,0,0,0,0,0,0,0,0
9,AB,TUBEROSA,0,0,0,0,0,0,0,0,0,3,3,0,0,3,0,0,0
9,AB,TUBEROSA,0,0,0,0,0,0,0,0,0,6,6,0,0,6,0,0,0
9,JY,INCARNATA,0,1,0,6800,0,6800,0,0,0,1,1,0,0,1,0,0,0
9,JY,INCARNATA,5,0,0,740,0,740,0,0,0,0,0,0,0,0,1,0,0
9,JY,INCARNATA,1,0,0,370,0,370,0,0,0,0,0,0,0,0,1,0,1
9,JY,INCARNATA,1,1,0,380,0,380,0,0,0,1,1,0,0,1,0,0,0
9,JY,INCARNATA,0,0,0,7,0,7,0,0,0,0,0,0,0,0,0,0,0
9,JY,SYRIACA,0,0,2550,21,0,2571,1,0,1,0,0,0,0,1,0,0,0
9,JY,SYRIACA,1,1,2750,72,0,2822,2,5,7,3,3,0,0,10,2,0,0
9,JY,SYRIACA,0,1,1350,21,0,1371,0,0,0,0,0,0,0,0,2,0,0
9,JY,SYRIACA,0,1,1740,0,0,1740,0,4,4,0,0,0,0,4,5,1,0
9,JY,SYRIACA,2,0,92,0,0,92,0,0,0,0,0,0,0,0,0,0,0
9,JY,TUBEROSA,0,0,0,0,0,0,0,0,0,0,0,0,0,0,0,0,0
9,JY,TUBEROSA,0,0,0,0,0,0,0,0,0,0,0,0,0,0,0,0,0
9,JY,TUBEROSA,0,0,0,0,0,0,0,0,0,0,0,0,0,0,0,0,0
9,JY,TUBEROSA,0,0,0,0,0,0,0,0,0,0,0,0,0,0,0,0,0
9,JY,TUBEROSA,0,0,0,0,0,0,0,0,0,0,0,0,0,0,0,0,0
9,AW,INCARNATA,0,0,0,1470,0,1470,1,0,1,1,1,0,0,2,0,1,0
9,AW,INCARNATA,0,0,0,210,0,210,7,0,7,0,0,0,0,7,0,0,0
9,AW,INCARNATA,1,0,0,0,0,0,0,0,0,0,0,0,0,0,0,0,0
9,AW,INCARNATA,1,0,0,10,0,10,0,0,0,0,0,0,0,0,0,0,0
9,AW,INCARNATA,0,0,0,570,0,570,1,0,1,0,0,0,0,1,0,0,0
9,AW,SYRIACA,0,1,0,0,0,0,0,0,0,0,0,0,0,0,0,0,0
9,AW,SYRIACA,0,0,23,0,0,23,0,0,0,0,0,0,0,0,0,0,0
9,AW,SYRIACA,0,0,2,0,0,2,0,0,0,0,0,0,0,0,0,0,0
9,AW,SYRIACA,1,0,0,4,0,4,0,0,0,1,1,0,0,1,0,0,0
9,AW,SYRIACA,0,0,0,0,0,0,0,0,0,0,0,0,0,0,0,0,0
9,AW,TUBEROSA,0,0,0,0,0,0,0,0,0,0,0,0,0,0,0,0,0
9,AW,TUBEROSA,0,0,0,83,0,83,0,0,0,0,0,0,0,0,0,0,0
9,AW,TUBEROSA,0,0,0,0,0,0,0,0,0,0,0,0,0,0,0,0,0
9,AW,TUBEROSA,0,0,0,22,0,22,0,0,0,0,0,0,0,0,0,0,0
9,AW,TUBEROSA,0,0,0,4,0,4,0,0,0,0,0,0,0,0,0,0,0
9,EB,INCARNATA,5,1,0,4,0,4,0,1,1,0,0,0,0,1,0,1,0
9,EB,INCARNATA,8,2,0,4,0,4,0,2,2,7,7,0,0,9,0,0,0
9,EB,INCARNATA,0,1,0,0,0,0,0,0,0,0,0,0,0,0,0,0,0
9,EB,SYRIACA,2,3,6,0,0,6,0,0,0,0,0,0,0,0,0,0,0
9,EB,SYRIACA,7,0,2,8,0,10,0,0,0,0,0,0,0,0,0,1,0
9,EB,SYRIACA,3,1,0,8,0,8,0,0,0,0,0,0,0,0,0,0,0
9,EB,SYRIACA,0,0,9,0,0,9,0,0,0,0,0,0,0,0,0,0,0
9,EB,SYRIACA,2,0,6,0,0,6,0,0,0,0,0,0,0,0,0,0,0
9,EB,TUBEROSA,0,1,0,0,0,0,0,4,4,0,0,0,0,4,0,0,0
9,EB,TUBEROSA,0,1,0,0,0,0,0,0,0,0,0,0,0,0,0,0,0
9,EB,TUBEROSA,0,0,0,8,0,8,0,2,2,0,0,0,0,2,0,0,0
9,EB,TUBEROSA,0,0,0,0,0,0,0,0,0,0,0,0,0,0,0,0,0
9,EB,TUBEROSA,2,0,0,0,0,0,0,0,0,0,0,0,0,0,0,0,0
9,HS,INCARNATA,0,0,0,0,0,0,0,0,0,0,0,0,0,0,0,0,0
9,HS,SYRIACA,3,0,61,0,0,61,0,0,0,0,0,0,0,0,1,0,0
9,HS,SYRIACA,0,0,3100,0,0,3100,0,0,0,0,0,0,0,0,1,0,0
9,HS,SYRIACA,0,4,3040,830,12,3882,0,0,0,0,0,0,0,0,0,0,0
9,HS,SYRIACA,2,0,12,0,65,77,0,0,0,3,3,0,0,3,0,0,0
9,HS,SYRIACA,0,0,25,0,0,25,0,0,0,0,0,0,2,2,0,0,0
9,HS,TUBEROSA,1,0,0,650,0,650,0,0,0,0,0,0,0,0,0,0,0
9,HS,TUBEROSA,0,0,0,55,0,55,0,0,0,0,0,0,0,0,0,0,0
9,HS,TUBEROSA,2,2,0,0,0,0,0,0,0,0,0,0,0,0,0,0,0
9,HS,TUBEROSA,0,0,0,0,0,0,0,0,0,0,0,0,0,0,0,0,0
9,HS,TUBEROSA,0,0,0,20,0,20,0,0,0,0,0,0,0,0,0,0,0
9,AN,INCARNATA,1,0,0,0,0,0,0,0,0,0,0,0,0,0,0,0,0
9,AN,INCARNATA,1,0,0,0,0,0,0,0,0,0,0,0,0,0,0,0,0
9,AN,INCARNATA,0,0,0,0,0,0,0,0,0,0,0,0,0,0,0,0,0
9,AN,INCARNATA,0,1,0,0,0,0,0,0,0,0,0,0,0,0,0,0,0
9,AN,INCARNATA,1,0,0,0,0,0,0,0,0,0,0,0,0,0,0,0,0
9,AN,SYRIACA,1,0,3,0,0,3,0,0,0,0,0,0,0,0,0,0,0
9,AN,SYRIACA,0,0,1,0,0,1,0,0,0,0,0,0,0,0,0,0,0
9,AN,SYRIACA,0,0,3,0,0,3,0,0,0,0,0,0,0,0,0,0,0
9,AN,SYRIACA,0,0,0,0,0,0,0,0,0,0,0,0,0,0,0,0,0
9,AN,SYRIACA,0,1,0,0,0,0,0,0,0,0,0,0,0,0,0,0,0
9,AN,TUBEROSA,0,0,0,0,0,0,0,0,0,0,0,0,0,0,0,0,0
9,AN,TUBEROSA,0,0,0,0,0,0,0,0,0,0,0,0,0,0,0,0,0
9,AN,TUBEROSA,0,0,0,0,0,0,0,0,0,0,0,0,0,0,0,0,0
9,AN,TUBEROSA,0,0,0,0,0,0,0,0,0,0,0,0,0,0,0,0,0
9,AN,TUBEROSA,0,0,0,0,0,0,0,0,0,0,0,0,0,0,0,0,0
9,SH,INCARNATA,1,0,0,0,0,0,0,0,0,0,0,0,0,0,0,1,0
9,SH,INCARNATA,3,1,0,0,0,0,0,0,0,1,1,0,0,1,0,0,0
9,SH,INCARNATA,0,2,0,0,0,0,0,0,0,0,0,0,0,0,0,0,0
9,SH,INCARNATA,2,1,0,0,0,0,0,0,0,0,0,0,0,0,0,0,0
9,SH,INCARNATA,2,0,0,1,0,1,0,0,0,0,0,0,0,0,0,0,0
9,SH,SYRIACA,0,0,0,0,0,0,0,0,0,0,0,0,0,0,0,0,0
9,SH,SYRIACA,0,1,62,0,0,62,0,0,0,0,0,0,0,0,0,0,0
9,SH,SYRIACA,1,0,47,0,0,47,0,0,0,0,1,0,0,1,0,0,0
9,SH,SYRIACA,0,0,9,22,0,31,0,0,0,0,1,0,0,1,0,0,0
9,SH,SYRIACA,0,0,38,0,110,148,0,0,0,0,0,0,0,0,0,0,0
9,SH,TUBEROSA,2,0,5,0,0,5,0,0,0,0,0,0,0,0,0,0,0
9,SH,TUBEROSA,0,0,0,0,0,0,0,0,0,0,0,0,0,0,0,0,0
9,SH,TUBEROSA,0,0,1,0,0,1,0,0,0,0,0,0,0,0,0,0,0
9,SH,TUBEROSA,0,0,0,0,0,0,0,0,0,0,0,0,0,0,0,0,0
9,SH,TUBEROSA,0,0,0,0,0,0,0,0,0,0,0,0,0,0,0,0,0