WEEK,LOCATION,SPECIES
1,AB,INCARNATA
1,AB,INCARNATA
1,AB,INCARNATA
1,AB,INCARNATA
1,AB,INCARNATA
1,AB,SYRIACA
1,AB,SYRIACA
1,AB,SYRIACA
1,AB,SYRIACA
1,AB,SYRIACA
1,AB,TUBEROSA
1,AB,TUBEROSA
1,AB,TUBEROSA
1,AB,TUBEROSA
1,AB,TUBEROSA
1,AN,INCARNATA
1,AN,INCARNATA
1,AN,INCARNATA
1,AN,INCARNATA
1,AN,INCARNATA
1,AN,SYRIACA
1,AN,SYRIACA
1,AN,SYRIACA
1,AN,SYRIACA
1,AN,SYRIACA
1,AN,TUBEROSA
1,AN,TUBEROSA
1,AN,TUBEROSA
1,AN,TUBEROSA
1,AN,TUBEROSA
1,AW,INCARNATA
1,AW,INCARNATA
1,AW,INCARNATA
1,AW,INCARNATA
1,AW,INCARNATA
1,AW,SYRIACA
1,AW,SYRIACA
1,AW,SYRIACA
1,AW,SYRIACA
1,AW,SYRIACA
1,AW,TUBEROSA
1,AW,TUBEROSA
1,AW,TUBEROSA
1,AW,TUBEROSA
1,AW,TUBEROSA
1,EB,INCARNATA
1,EB,SYRIACA
1,EB,SYRIACA
1,EB,SYRIACA
1,EB,SYRIACA
1,EB,SYRIACA
1,EB,TUBEROSA
1,EB,TUBEROSA
1,EB,TUBEROSA
1,EB,TUBEROSA
1,EB,TUBEROSA
1,HS,INCARNATA
1,HS,SYRIACA
1,HS,SYRIACA
1,HS,SYRIACA
1,HS,SYRIACA
1,HS,SYRIACA
1,HS,TUBEROSA
1,HS,TUBEROSA
1,HS,TUBEROSA
1,HS,TUBEROSA
1,HS,TUBEROSA
1,JY,INCARNATA
1,JY,INCARNATA
1,JY,INCARNATA
1,JY,INCARNATA
1,JY,INCARNATA
1,JY,SYRIACA
1,JY,SYRIACA
1,JY,SYRIACA
1,JY,SYRIACA
1,JY,SYRIACA
1,JY,TUBEROSA
1,JY,TUBEROSA
1,JY,TUBEROSA
1,JY,TUBEROSA
1,JY,TUBEROSA
1,LP,INCARNATA
1,LP,INCARNATA
1,LP,INCARNATA
1,LP,INCARNATA
1,LP,INCARNATA
1,LP,SYRIACA
1,LP,SYRIACA
1,LP,SYRIACA
1,LP,SYRIACA
1,LP,SYRIACA
1,LP,TUBEROSA
1,SH,INCARNATA
1,SH,INCARNATA
1,SH,INCARNATA
1,SH,INCARNATA
1,SH,INCARNATA
1,SH,SYRIACA
1,SH,SYRIACA
1,SH,SYRIACA
1,SH,SYRIACA
1,SH,SYRIACA
1,SH,TUBEROSA
1,SH,TUBEROSA
1,SH,TUBEROSA
1,SH,TUBEROSA
1,SH,TUBEROSA
1,ST,INCARNATA
1,ST,INCARNATA
1,ST,INCARNATA
1,ST,INCARNATA
1,ST,INCARNATA
1,ST,SYRIACA
1,ST,SYRIACA
1,ST,SYRIACA
1,ST,SYRIACA
1,ST,SYRIACA
1,ST,TUBEROSA
1,ST,TUBEROSA
1,ST,TUBEROSA
1,ST,TUBEROSA
1,ST,TUBEROSA
2,AB,INCARNATA
2,AB,INCARNATA
2,AB,INCARNATA
2,AB,INCARNATA
2,AB,INCARNATA
2,AB,SYRIACA
2,AB,SYRIACA
2,AB,SYRIACA
2,AB,SYRIACA
2,AB,SYRIACA
2,AB,TUBEROSA
2,AB,TUBEROSA
2,AB,TUBEROSA
2,AB,TUBEROSA
2,AB,TUBEROSA
2,AN,INCARNATA
2,AN,INCARNATA
2,AN,INCARNATA
2,AN,INCARNATA
2,AN,INCARNATA
2,AN,SYRIACA
2,AN,SYRIACA
2,AN,SYRIACA
2,AN,SYRIACA
2,AN,SYRIACA
2,AN,TUBEROSA
2,AN,TUBEROSA
2,AN,TUBEROSA
2,AN,TUBEROSA
2,AN,TUBEROSA
2,AW,INCARNATA
2,AW,INCARNATA
2,AW,INCARNATA
2,AW,INCARNATA
2,AW,INCARNATA
2,AW,SYRIACA
2,AW,SYRIACA
2,AW,SYRIACA
2,AW,SYRIACA
2,AW,SYRIACA
2,AW,TUBEROSA
2,AW,TUBEROSA
2,AW,TUBEROSA
2,AW,TUBEROSA
2,AW,TUBEROSA
2,EB,INCARNATA
2,EB,INCARNATA
2,EB,SYRIACA
2,EB,SYRIACA
2,EB,SYRIACA
2,EB,SYRIACA
2,EB,SYRIACA
2,EB,TUBEROSA
2,EB,TUBEROSA
2,EB,TUBEROSA
2,EB,TUBEROSA
2,EB,TUBEROSA
2,HS,INCARNATA
2,HS,SYRIACA
2,HS,SYRIACA
2,HS,SYRIACA
2,HS,SYRIACA
2,HS,SYRIACA
2,HS,TUBEROSA
2,HS,TUBEROSA
2,HS,TUBEROSA
2,HS,TUBEROSA
2,HS,TUBEROSA
2,JY,INCARNATA
2,JY,INCARNATA
2,JY,INCARNATA
2,JY,INCARNATA
2,JY,INCARNATA
2,JY,SYRIACA
2,JY,SYRIACA
2,JY,SYRIACA
2,JY,SYRIACA
2,JY,SYRIACA
2,JY,TUBEROSA
2,JY,TUBEROSA
2,JY,TUBEROSA
2,JY,TUBEROSA
2,JY,TUBEROSA
2,LP,INCARNATA
2,LP,INCARNATA
2,LP,INCARNATA
2,LP,INCARNATA
2,LP,INCARNATA
2,LP,SYRIACA
2,LP,SYRIACA
2,LP,SYRIACA
2,LP,SYRIACA
2,LP,SYRIACA
2,LP,TUBEROSA
2,SH,INCARNATA
2,SH,INCARNATA
2,SH,INCARNATA
2,SH,INCARNATA
2,SH,INCARNATA
2,SH,SYRIACA
2,SH,SYRIACA
2,SH,SYRIACA
2,SH,SYRIACA
2,SH,SYRIACA
2,SH,TUBEROSA
2,SH,TUBEROSA
2,SH,TUBEROSA
2,SH,TUBEROSA
2,SH,TUBEROSA
2,ST,INCARNATA
2,ST,INCARNATA
2,ST,INCARNATA
2,ST,INCARNATA
2,ST,INCARNATA
2,ST,SYRIACA
2,ST,SYRIACA
2,ST,SYRIACA
2,ST,SYRIACA
2,ST,SYRIACA
2,ST,TUBEROSA
2,ST,TUBEROSA
2,ST,TUBEROSA
2,ST,TUBEROSA
2,ST,TUBEROSA
2,WE,SYRIACA
2,WE,SYRIACA
2,WE,SYRIACA
2,WE,SYRIACA
2,WE,SYRIACA
2,WE,TUBEROSA
2,WE,TUBEROSA
2,WE,TUBEROSA
2,WE,TUBEROSA
2,WE,TUBEROSA
3,AB,INCARNATA
3,AB,INCARNATA
3,AB,INCARNATA
3,AB,INCARNATA
3,AB,INCARNATA
3,AB,SYRIACA
3,AB,SYRIACA
3,AB,SYRIACA
3,AB,SYRIACA
3,AB,SYRIACA
3,AB,TUBEROSA
3,AB,TUBEROSA
3,AB,TUBEROSA
3,AB,TUBEROSA
3,AB,TUBEROSA
3,AN,INCARNATA
3,AN,INCARNATA
3,AN,INCARNATA
3,AN,INCARNATA
3,AN,INCARNATA
3,AN,SYRIACA
3,AN,SYRIACA
3,AN,SYRIACA
3,AN,SYRIACA
3,AN,SYRIACA
3,AN,TUBEROSA
3,AN,TUBEROSA
3,AN,TUBEROSA
3,AN,TUBEROSA
3,AN,TUBEROSA
3,AW,INCARNATA
3,AW,INCARNATA
3,AW,INCARNATA
3,AW,INCARNATA
3,AW,INCARNATA
3,AW,SYRIACA
3,AW,SYRIACA
3,AW,SYRIACA
3,AW,SYRIACA
3,AW,SYRIACA
3,AW,TUBEROSA
3,AW,TUBEROSA
3,AW,TUBEROSA
3,AW,TUBEROSA
3,AW,TUBEROSA
3,EB,INCARNATA
3,EB,INCARNATA
3,EB,SYRIACA
3,EB,SYRIACA
3,EB,SYRIACA
3,EB,SYRIACA
3,EB,SYRIACA
3,EB,TUBEROSA
3,EB,TUBEROSA
3,EB,TUBEROSA
3,EB,TUBEROSA
3,EB,TUBEROSA
3,HS,INCARNATA
3,HS,SYRIACA
3,HS,SYRIACA
3,HS,SYRIACA
3,HS,SYRIACA
3,HS,SYRIACA
3,HS,TUBEROSA
3,HS,TUBEROSA
3,HS,TUBEROSA
3,HS,TUBEROSA
3,HS,TUBEROSA
3,JY,INCARNATA
3,JY,INCARNATA
3,JY,INCARNATA
3,JY,INCARNATA
3,JY,INCARNATA
3,JY,SYRIACA
3,JY,SYRIACA
3,JY,SYRIACA
3,JY,SYRIACA
3,JY,SYRIACA
3,JY,TUBEROSA
3,JY,TUBEROSA
3,JY,TUBEROSA
3,JY,TUBEROSA
3,JY,TUBEROSA
3,LP,INCARNATA
3,LP,INCARNATA
3,LP,INCARNATA
3,LP,INCARNATA
3,LP,INCARNATA
3,LP,SYRIACA
3,LP,SYRIACA
3,LP,SYRIACA
3,LP,SYRIACA
3,LP,SYRIACA
3,LP,TUBEROSA
3,SH,INCARNATA
3,SH,INCARNATA
3,SH,INCARNATA
3,SH,INCARNATA
3,SH,INCARNATA
3,SH,SYRIACA
3,SH,SYRIACA
3,SH,SYRIACA
3,SH,SYRIACA
3,SH,SYRIACA
3,SH,TUBEROSA
3,SH,TUBEROSA
3,SH,TUBEROSA
3,SH,TUBEROSA
3,SH,TUBEROSA
3,ST,INCARNATA
3,ST,INCARNATA
3,ST,INCARNATA
3,ST,INCARNATA
3,ST,INCARNATA
3,ST,SYRIACA
3,ST,SYRIACA
3,ST,SYRIACA
3,ST,SYRIACA
3,ST,SYRIACA
3,ST,TUBEROSA
3,ST,TUBEROSA
3,ST,TUBEROSA
3,ST,TUBEROSA
3,ST,TUBEROSA
3,WE,SYRIACA
3,WE,SYRIACA
3,WE,SYRIACA
3,WE,SYRIACA
3,WE,SYRIACA
3,WE,TUBEROSA
3,WE,TUBEROSA
3,WE,TUBEROSA
3,WE,TUBEROSA
3,WE,TUBEROSA
4,AB,INCARNATA
4,AB,INCARNATA
4,AB,INCARNATA
4,AB,INCARNATA
4,AB,INCARNATA
4,AB,SYRIACA
4,AB,SYRIACA
4,AB,SYRIACA
4,AB,SYRIACA
4,AB,SYRIACA
4,AB,TUBEROSA
4,AB,TUBEROSA
4,AB,TUBEROSA
4,AB,TUBEROSA
4,AB,TUBEROSA
4,AN,INCARNATA
4,AN,INCARNATA
4,AN,INCARNATA
4,AN,INCARNATA
4,AN,INCARNATA
4,AN,SYRIACA
4,AN,SYRIACA
4,AN,SYRIACA
4,AN,SYRIACA
4,AN,SYRIACA
4,AN,TUBEROSA
4,AN,TUBEROSA
4,AN,TUBEROSA
4,AN,TUBEROSA
4,AN,TUBEROSA
4,AW,INCARNATA
4,AW,INCARNATA
4,AW,INCARNATA
4,AW,INCARNATA
4,AW,INCARNATA
4,AW,SYRIACA
4,AW,SYRIACA
4,AW,SYRIACA
4,AW,SYRIACA
4,AW,SYRIACA
4,AW,TUBEROSA
4,AW,TUBEROSA
4,AW,TUBEROSA
4,AW,TUBEROSA
4,AW,TUBEROSA
4,EB,INCARNATA
4,EB,INCARNATA
4,EB,SYRIACA
4,EB,SYRIACA
4,EB,SYRIACA
4,EB,SYRIACA
4,EB,SYRIACA
4,EB,TUBEROSA
4,EB,TUBEROSA
4,EB,TUBEROSA
4,EB,TUBEROSA
4,EB,TUBEROSA
4,HS,INCARNATA
4,HS,SYRIACA
4,HS,SYRIACA
4,HS,SYRIACA
4,HS,SYRIACA
4,HS,SYRIACA
4,HS,TUBEROSA
4,HS,TUBEROSA
4,HS,TUBEROSA
4,HS,TUBEROSA
4,HS,TUBEROSA
4,JY,INCARNATA
4,JY,INCARNATA
4,JY,INCARNATA
4,JY,INCARNATA
4,JY,INCARNATA
4,JY,SYRIACA
4,JY,SYRIACA
4,JY,SYRIACA
4,JY,SYRIACA
4,JY,SYRIACA
4,JY,TUBEROSA
4,JY,TUBEROSA
4,JY,TUBEROSA
4,JY,TUBEROSA
4,JY,TUBEROSA
4,LP,INCARNATA
4,LP,INCARNATA
4,LP,INCARNATA
4,LP,INCARNATA
4,LP,INCARNATA
4,LP,SYRIACA
4,LP,SYRIACA
4,LP,SYRIACA
4,LP,SYRIACA
4,LP,SYRIACA
4,LP,TUBEROSA
4,SH,INCARNATA
4,SH,INCARNATA
4,SH,INCARNATA
4,SH,INCARNATA
4,SH,INCARNATA
4,SH,SYRIACA
4,SH,SYRIACA
4,SH,SYRIACA
4,SH,SYRIACA
4,SH,SYRIACA
4,SH,TUBEROSA
4,SH,TUBEROSA
4,SH,TUBEROSA
4,SH,TUBEROSA
4,SH,TUBEROSA
4,ST,INCARNATA
4,ST,INCARNATA
4,ST,INCARNATA
4,ST,INCARNATA
4,ST,INCARNATA
4,ST,SYRIACA
4,ST,SYRIACA
4,ST,SYRIACA
4,ST,SYRIACA
4,ST,SYRIACA
4,ST,TUBEROSA
4,ST,TUBEROSA
4,ST,TUBEROSA
4,ST,TUBEROSA
4,ST,TUBEROSA
4,WE,SYRIACA
4,WE,SYRIACA
4,WE,SYRIACA
4,WE,SYRIACA
4,WE,SYRIACA
4,WE,TUBEROSA
4,WE,TUBEROSA
4,WE,TUBEROSA
4,WE,TUBEROSA
4,WE,TUBEROSA
5,AB,INCARNATA
5,AB,INCARNATA
5,AB,INCARNATA
5,AB,INCARNATA
5,AB,INCARNATA
5,AB,SYRIACA
5,AB,SYRIACA
5,AB,SYRIACA
5,AB,SYRIACA
5,AB,SYRIACA
5,AB,TUBEROSA
5,AB,TUBEROSA
5,AB,TUBEROSA
5,AB,TUBEROSA
5,AB,TUBEROSA
5,AN,INCARNATA
5,AN,INCARNATA
5,AN,INCARNATA
5,AN,INCARNATA
5,AN,INCARNATA
5,AN,SYRIACA
5,AN,SYRIACA
5,AN,SYRIACA
5,AN,SYRIACA
5,AN,SYRIACA
5,AN,TUBEROSA
5,AN,TUBEROSA
5,AN,TUBEROSA
5,AN,TUBEROSA
5,AN,TUBEROSA
5,AW,INCARNATA
5,AW,INCARNATA
5,AW,INCARNATA
5,AW,INCARNATA
5,AW,INCARNATA
5,AW,SYRIACA
5,AW,SYRIACA
5,AW,SYRIACA
5,AW,SYRIACA
5,AW,SYRIACA
5,AW,TUBEROSA
5,AW,TUBEROSA
5,AW,TUBEROSA
5,AW,TUBEROSA
5,AW,TUBEROSA
5,EB,INCARNATA
5,EB,INCARNATA
5,EB,SYRIACA
5,EB,SYRIACA
5,EB,SYRIACA
5,EB,SYRIACA
5,EB,SYRIACA
5,EB,TUBEROSA
5,EB,TUBEROSA
5,EB,TUBEROSA
5,EB,TUBEROSA
5,EB,TUBEROSA
5,HS,INCARNATA
5,HS,SYRIACA
5,HS,SYRIACA
5,HS,SYRIACA
5,HS,SYRIACA
5,HS,SYRIACA
5,HS,TUBEROSA
5,HS,TUBEROSA
5,HS,TUBEROSA
5,HS,TUBEROSA
5,HS,TUBEROSA
5,JY,INCARNATA
5,JY,INCARNATA
5,JY,INCARNATA
5,JY,INCARNATA
5,JY,INCARNATA
5,JY,SYRIACA
5,JY,SYRIACA
5,JY,SYRIACA
5,JY,SYRIACA
5,JY,SYRIACA
5,JY,TUBEROSA
5,JY,TUBEROSA
5,JY,TUBEROSA
5,JY,TUBEROSA
5,JY,TUBEROSA
5,LP,INCARNATA
5,LP,INCARNATA
5,LP,INCARNATA
5,LP,INCARNATA
5,LP,INCARNATA
5,LP,SYRIACA
5,LP,SYRIACA
5,LP,SYRIACA
5,LP,SYRIACA
5,LP,SYRIACA
5,LP,TUBEROSA
5,SH,INCARNATA
5,SH,INCARNATA
5,SH,INCARNATA
5,SH,INCARNATA
5,SH,INCARNATA
5,SH,SYRIACA
5,SH,SYRIACA
5,SH,SYRIACA
5,SH,SYRIACA
5,SH,SYRIACA
5,SH,TUBEROSA
5,SH,TUBEROSA
5,SH,TUBEROSA
5,SH,TUBEROSA
5,SH,TUBEROSA
5,ST,INCARNATA
5,ST,INCARNATA
5,ST,INCARNATA
5,ST,INCARNATA
5,ST,INCARNATA
5,ST,SYRIACA
5,ST,SYRIACA
5,ST,SYRIACA
5,ST,SYRIACA
5,ST,SYRIACA
5,ST,TUBEROSA
5,ST,TUBEROSA
5,ST,TUBEROSA
5,ST,TUBEROSA
5,ST,TUBEROSA
5,WE,SYRIACA
5,WE,SYRIACA
5,WE,SYRIACA
5,WE,SYRIACA
5,WE,SYRIACA
5,WE,TUBEROSA
5,WE,TUBEROSA
5,WE,TUBEROSA
5,WE,TUBEROSA
5,WE,TUBEROSA
6,AB,INCARNATA
6,AB,INCARNATA
6,AB,INCARNATA
6,AB,INCARNATA
6,AB,INCARNATA
6,AB,SYRIACA
6,AB,SYRIACA
6,AB,SYRIACA
6,AB,SYRIACA
6,AB,SYRIACA
6,AB,TUBEROSA
6,AB,TUBEROSA
6,AB,TUBEROSA
6,AB,TUBEROSA
6,AB,TUBEROSA
6,AN,INCARNATA
6,AN,INCARNATA
6,AN,INCARNATA
6,AN,INCARNATA
6,AN,INCARNATA
6,AN,SYRIACA
6,AN,SYRIACA
6,AN,SYRIACA
6,AN,SYRIACA
6,AN,SYRIACA
6,AN,TUBEROSA
6,AN,TUBEROSA
6,AN,TUBEROSA
6,AN,TUBEROSA
6,AN,TUBEROSA
6,AW,INCARNATA
6,AW,INCARNATA
6,AW,INCARNATA
6,AW,INCARNATA
6,AW,INCARNATA
6,AW,SYRIACA
6,AW,SYRIACA
6,AW,SYRIACA
6,AW,SYRIACA
6,AW,SYRIACA
6,AW,TUBEROSA
6,AW,TUBEROSA
6,AW,TUBEROSA
6,AW,TUBEROSA
6,AW,TUBEROSA
6,EB,INCARNATA
6,EB,INCARNATA
6,EB,SYRIACA
6,EB,SYRIACA
6,EB,SYRIACA
6,EB,SYRIACA
6,EB,SYRIACA
6,EB,TUBEROSA
6,EB,TUBEROSA
6,EB,TUBEROSA
6,EB,TUBEROSA
6,EB,TUBEROSA
6,HS,INCARNATA
6,HS,SYRIACA
6,HS,SYRIACA
6,HS,SYRIACA
6,HS,SYRIACA
6,HS,SYRIACA
6,HS,TUBEROSA
6,HS,TUBEROSA
6,HS,TUBEROSA
6,HS,TUBEROSA
6,HS,TUBEROSA
6,JY,INCARNATA
6,JY,INCARNATA
6,JY,INCARNATA
6,JY,INCARNATA
6,JY,INCARNATA
6,JY,SYRIACA
6,JY,SYRIACA
6,JY,SYRIACA
6,JY,SYRIACA
6,JY,SYRIACA
6,JY,TUBEROSA
6,JY,TUBEROSA
6,JY,TUBEROSA
6,JY,TUBEROSA
6,JY,TUBEROSA
6,LP,INCARNATA
6,LP,INCARNATA
6,LP,INCARNATA
6,LP,INCARNATA
6,LP,INCARNATA
6,LP,SYRIACA
6,LP,SYRIACA
6,LP,SYRIACA
6,LP,SYRIACA
6,LP,SYRIACA
6,LP,TUBEROSA
6,SH,INCARNATA
6,SH,INCARNATA
6,SH,INCARNATA
6,SH,INCARNATA
6,SH,INCARNATA
6,SH,SYRIACA
6,SH,SYRIACA
6,SH,SYRIACA
6,SH,SYRIACA
6,SH,SYRIACA
6,SH,TUBEROSA
6,SH,TUBEROSA
6,SH,TUBEROSA
6,SH,TUBEROSA
6,SH,TUBEROSA
6,ST,INCARNATA
6,ST,INCARNATA
6,ST,INCARNATA
6,ST,INCARNATA
6,ST,INCARNATA
6,ST,SYRIACA
6,ST,SYRIACA
6,ST,SYRIACA
6,ST,SYRIACA
6,ST,SYRIACA
6,ST,TUBEROSA
6,ST,TUBEROSA
6,ST,TUBEROSA
6,ST,TUBEROSA
6,ST,TUBEROSA
6,WE,SYRIACA
6,WE,SYRIACA
6,WE,SYRIACA
6,WE,SYRIACA
6,WE,SYRIACA
6,WE,TUBEROSA
6,WE,TUBEROSA
6,WE,TUBEROSA
6,WE,TUBEROSA
6,WE,TUBEROSA
7,AB,INCARNATA
7,AB,INCARNATA
7,AB,INCARNATA
7,AB,INCARNATA
7,AB,INCARNATA
7,AB,SYRIACA
7,AB,SYRIACA
7,AB,SYRIACA
7,AB,SYRIACA
7,AB,SYRIACA
7,AB,TUBEROSA
7,AB,TUBEROSA
7,AB,TUBEROSA
7,AB,TUBEROSA
7,AB,TUBEROSA
7,AN,INCARNATA
7,AN,INCARNATA
7,AN,INCARNATA
7,AN,INCARNATA
7,AN,INCARNATA
7,AN,SYRIACA
7,AN,SYRIACA
7,AN,SYRIACA
7,AN,SYRIACA
7,AN,SYRIACA
7,AN,TUBEROSA
7,AN,TUBEROSA
7,AN,TUBEROSA
7,AN,TUBEROSA
7,AN,TUBEROSA
7,AW,INCARNATA
7,AW,INCARNATA
7,AW,INCARNATA
7,AW,INCARNATA
7,AW,INCARNATA
7,AW,SYRIACA
7,AW,SYRIACA
7,AW,SYRIACA
7,AW,SYRIACA
7,AW,SYRIACA
7,AW,TUBEROSA
7,AW,TUBEROSA
7,AW,TUBEROSA
7,AW,TUBEROSA
7,AW,TUBEROSA
7,EB,INCARNATA
7,EB,INCARNATA
7,EB,INCARNATA
7,EB,INCARNATA
7,EB,SYRIACA
7,EB,SYRIACA
7,EB,SYRIACA
7,EB,SYRIACA
7,EB,SYRIACA
7,EB,TUBEROSA
7,EB,TUBEROSA
7,EB,TUBEROSA
7,EB,TUBEROSA
7,EB,TUBEROSA
7,HS,INCARNATA
7,HS,SYRIACA
7,HS,SYRIACA
7,HS,SYRIACA
7,HS,SYRIACA
7,HS,SYRIACA
7,HS,TUBEROSA
7,HS,TUBEROSA
7,HS,TUBEROSA
7,HS,TUBEROSA
7,HS,TUBEROSA
7,JY,INCARNATA
7,JY,INCARNATA
7,JY,INCARNATA
7,JY,INCARNATA
7,JY,INCARNATA
7,JY,SYRIACA
7,JY,SYRIACA
7,JY,SYRIACA
7,JY,SYRIACA
7,JY,SYRIACA
7,JY,TUBEROSA
7,JY,TUBEROSA
7,JY,TUBEROSA
7,JY,TUBEROSA
7,JY,TUBEROSA
7,LP,INCARNATA
7,LP,INCARNATA
7,LP,INCARNATA
7,LP,INCARNATA
7,LP,INCARNATA
7,LP,SYRIACA
7,LP,SYRIACA
7,LP,SYRIACA
7,LP,SYRIACA
7,LP,SYRIACA
7,LP,TUBEROSA
7,SH,INCARNATA
7,SH,INCARNATA
7,SH,INCARNATA
7,SH,INCARNATA
7,SH,INCARNATA
7,SH,SYRIACA
7,SH,SYRIACA
7,SH,SYRIACA
7,SH,SYRIACA
7,SH,SYRIACA
7,SH,TUBEROSA
7,SH,TUBEROSA
7,SH,TUBEROSA
7,SH,TUBEROSA
7,SH,TUBEROSA
7,ST,INCARNATA
7,ST,INCARNATA
7,ST,INCARNATA
7,ST,INCARNATA
7,ST,INCARNATA
7,ST,SYRIACA
7,ST,SYRIACA
7,ST,SYRIACA
7,ST,SYRIACA
7,ST,SYRIACA
7,ST,TUBEROSA
7,ST,TUBEROSA
7,ST,TUBEROSA
7,ST,TUBEROSA
7,ST,TUBEROSA
7,WE,SYRIACA
7,WE,SYRIACA
7,WE,SYRIACA
7,WE,SYRIACA
7,WE,SYRIACA
7,WE,TUBEROSA
7,WE,TUBEROSA
7,WE,TUBEROSA
7,WE,TUBEROSA
7,WE,TUBEROSA
8,AB,INCARNATA
8,AB,INCARNATA
8,AB,INCARNATA
8,AB,INCARNATA
8,AB,INCARNATA
8,AB,SYRIACA
8,AB,SYRIACA
8,AB,SYRIACA
8,AB,SYRIACA
8,AB,SYRIACA
8,AB,TUBEROSA
8,AB,TUBEROSA
8,AB,TUBEROSA
8,AB,TUBEROSA
8,AB,TUBEROSA
8,AN,INCARNATA
8,AN,INCARNATA
8,AN,INCARNATA
8,AN,INCARNATA
8,AN,INCARNATA
8,AN,SYRIACA
8,AN,SYRIACA
8,AN,SYRIACA
8,AN,SYRIACA
8,AN,SYRIACA
8,AN,TUBEROSA
8,AN,TUBEROSA
8,AN,TUBEROSA
8,AN,TUBEROSA
8,AN,TUBEROSA
8,AW,INCARNATA
8,AW,INCARNATA
8,AW,INCARNATA
8,AW,INCARNATA
8,AW,INCARNATA
8,AW,SYRIACA
8,AW,SYRIACA
8,AW,SYRIACA
8,AW,SYRIACA
8,AW,SYRIACA
8,AW,TUBEROSA
8,AW,TUBEROSA
8,AW,TUBEROSA
8,AW,TUBEROSA
8,AW,TUBEROSA
8,EB,INCARNATA
8,EB,INCARNATA
8,EB,INCARNATA
8,EB,INCARNATA
8,EB,INCARNATA
8,EB,SYRIACA
8,EB,SYRIACA
8,EB,SYRIACA
8,EB,SYRIACA
8,EB,SYRIACA
8,EB,TUBEROSA
8,EB,TUBEROSA
8,EB,TUBEROSA
8,EB,TUBEROSA
8,EB,TUBEROSA
8,HS,INCARNATA
8,HS,SYRIACA
8,HS,SYRIACA
8,HS,SYRIACA
8,HS,SYRIACA
8,HS,SYRIACA
8,HS,TUBEROSA
8,HS,TUBEROSA
8,HS,TUBEROSA
8,HS,TUBEROSA
8,HS,TUBEROSA
8,JY,INCARNATA
8,JY,INCARNATA
8,JY,INCARNATA
8,JY,INCARNATA
8,JY,INCARNATA
8,JY,SYRIACA
8,JY,SYRIACA
8,JY,SYRIACA
8,JY,SYRIACA
8,JY,SYRIACA
8,JY,TUBEROSA
8,JY,TUBEROSA
8,JY,TUBEROSA
8,JY,TUBEROSA
8,JY,TUBEROSA
8,LP,INCARNATA
8,LP,INCARNATA
8,LP,INCARNATA
8,LP,INCARNATA
8,LP,INCARNATA
8,LP,SYRIACA
8,LP,SYRIACA
8,LP,SYRIACA
8,LP,SYRIACA
8,LP,SYRIACA
8,LP,TUBEROSA
8,SH,INCARNATA
8,SH,INCARNATA
8,SH,INCARNATA
8,SH,INCARNATA
8,SH,INCARNATA
8,SH,SYRIACA
8,SH,SYRIACA
8,SH,SYRIACA
8,SH,SYRIACA
8,SH,SYRIACA
8,SH,TUBEROSA
8,SH,TUBEROSA
8,SH,TUBEROSA
8,SH,TUBEROSA
8,SH,TUBEROSA
8,ST,INCARNATA
8,ST,INCARNATA
8,ST,INCARNATA
8,ST,INCARNATA
8,ST,INCARNATA
8,ST,SYRIACA
8,ST,SYRIACA
8,ST,SYRIACA
8,ST,SYRIACA
8,ST,SYRIACA
8,ST,TUBEROSA
8,ST,TUBEROSA
8,ST,TUBEROSA
8,ST,TUBEROSA
8,ST,TUBEROSA
8,WE,SYRIACA
8,WE,SYRIACA
8,WE,SYRIACA
8,WE,SYRIACA
8,WE,SYRIACA
8,WE,TUBEROSA
8,WE,TUBEROSA
8,WE,TUBEROSA
8,WE,TUBEROSA
8,WE,TUBEROSA
9,AB,INCARNATA
9,AB,INCARNATA
9,AB,INCARNATA
9,AB,INCARNATA
9,AB,INCARNATA
9,AB,SYRIACA
9,AB,SYRIACA
9,AB,SYRIACA
9,AB,SYRIACA
9,AB,SYRIACA
9,AB,TUBEROSA
9,AB,TUBEROSA
9,AB,TUBEROSA
9,AB,TUBEROSA
9,AB,TUBEROSA
9,AN,INCARNATA
9,AN,INCARNATA
9,AN,INCARNATA
9,AN,INCARNATA
9,AN,INCARNATA
9,AN,SYRIACA
9,AN,SYRIACA
9,AN,SYRIACA
9,AN,SYRIACA
9,AN,SYRIACA
9,AN,TUBEROSA
9,AN,TUBEROSA
9,AN,TUBEROSA
9,AN,TUBEROSA
9,AN,TUBEROSA
9,AW,INCARNATA
9,AW,INCARNATA
9,AW,INCARNATA
9,AW,INCARNATA
9,AW,INCARNATA
9,AW,SYRIACA
9,AW,SYRIACA
9,AW,SYRIACA
9,AW,SYRIACA
9,AW,SYRIACA
9,AW,TUBEROSA
9,AW,TUBEROSA
9,AW,TUBEROSA
9,AW,TUBEROSA
9,AW,TUBEROSA
9,EB,INCARNATA
9,EB,INCARNATA
9,EB,INCARNATA
9,EB,SYRIACA
9,EB,SYRIACA
9,EB,SYRIACA
9,EB,SYRIACA
9,EB,SYRIACA
9,EB,TUBEROSA
9,EB,TUBEROSA
9,EB,TUBEROSA
9,EB,TUBEROSA
9,EB,TUBEROSA
9,HS,INCARNATA
9,HS,SYRIACA
9,HS,SYRIACA
9,HS,SYRIACA
9,HS,SYRIACA
9,HS,SYRIACA
9,HS,TUBEROSA
9,HS,TUBEROSA
9,HS,TUBEROSA
9,HS,TUBEROSA
9,HS,TUBEROSA
9,JY,INCARNATA
9,JY,INCARNATA
9,JY,INCARNATA
9,JY,INCARNATA
9,JY,INCARNATA
9,JY,SYRIACA
9,JY,SYRIACA
9,JY,SYRIACA
9,JY,SYRIACA
9,JY,SYRIACA
9,JY,TUBEROSA
9,JY,TUBEROSA
9,JY,TUBEROSA
9,JY,TUBEROSA
9,JY,TUBEROSA
9,LP,INCARNATA
9,LP,INCARNATA
9,LP,INCARNATA
9,LP,INCARNATA
9,LP,INCARNATA
9,LP,SYRIACA
9,LP,SYRIACA
9,LP,SYRIACA
9,LP,SYRIACA
9,LP,SYRIACA
9,LP,TUBEROSA
9,SH,INCARNATA
9,SH,INCARNATA
9,SH,INCARNATA
9,SH,INCARNATA
9,SH,INCARNATA
9,SH,SYRIACA
9,SH,SYRIACA
9,SH,SYRIACA
9,SH,SYRIACA
9,SH,SYRIACA
9,SH,TUBEROSA
9,SH,TUBEROSA
9,SH,TUBEROSA
9,SH,TUBEROSA
9,SH,TUBEROSA
9,ST,INCARNATA
9,ST,INCARNATA
9,ST,INCARNATA
9,ST,INCARNATA
9,ST,INCARNATA
9,ST,SYRIACA
9,ST,SYRIACA
9,ST,SYRIACA
9,ST,SYRIACA
9,ST,SYRIACA
9,ST,TUBEROSA
9,ST,TUBEROSA
9,ST,TUBEROSA
9,ST,TUBEROSA
9,ST,TUBEROSA
9,WE,SYRIACA
9,WE,SYRIACA
9,WE,SYRIACA
9,WE,SYRIACA
9,WE,SYRIACA
9,WE,TUBEROSA
9,WE,TUBEROSA
9,WE,TUBEROSA
9,WE,TUBEROSA
9,WE,TUBEROSA
10,AB,INCARNATA
10,AB,INCARNATA
10,AB,INCARNATA
10,AB,INCARNATA
10,AB,INCARNATA
10,AB,SYRIACA
10,AB,SYRIACA
10,AB,SYRIACA
10,AB,SYRIACA
10,AB,SYRIACA
10,AB,TUBEROSA
10,AB,TUBEROSA
10,AB,TUBEROSA
10,AB,TUBEROSA
10,AB,TUBEROSA
10,AN,INCARNATA
10,AN,INCARNATA
10,AN,INCARNATA
10,AN,INCARNATA
10,AN,INCARNATA
10,AN,SYRIACA
10,AN,SYRIACA
10,AN,SYRIACA
10,AN,SYRIACA
10,AN,SYRIACA
10,AN,TUBEROSA
10,AN,TUBEROSA
10,AN,TUBEROSA
10,AN,TUBEROSA
10,AN,TUBEROSA
10,AW,INCARNATA
10,AW,INCARNATA
10,AW,INCARNATA
10,AW,INCARNATA
10,AW,INCARNATA
10,AW,SYRIACA
10,AW,SYRIACA
10,AW,SYRIACA
10,AW,SYRIACA
10,AW,SYRIACA
10,AW,TUBEROSA
10,AW,TUBEROSA
10,AW,TUBEROSA
10,AW,TUBEROSA
10,AW,TUBEROSA
10,EB,INCARNATA
10,EB,INCARNATA
10,EB,INCARNATA
10,EB,SYRIACA
10,EB,SYRIACA
10,EB,SYRIACA
10,EB,SYRIACA
10,EB,SYRIACA
10,EB,TUBEROSA
10,EB,TUBEROSA
10,EB,TUBEROSA
10,EB,TUBEROSA
10,EB,TUBEROSA
10,HS,INCARNATA
10,HS,SYRIACA
10,HS,SYRIACA
10,HS,SYRIACA
10,HS,SYRIACA
10,HS,SYRIACA
10,HS,TUBEROSA
10,HS,TUBEROSA
10,HS,TUBEROSA
10,HS,TUBEROSA
10,HS,TUBEROSA
10,JY,INCARNATA
10,JY,INCARNATA
10,JY,INCARNATA
10,JY,INCARNATA
10,JY,INCARNATA
10,JY,SYRIACA
10,JY,SYRIACA
10,JY,SYRIACA
10,JY,SYRIACA
10,JY,SYRIACA
10,JY,TUBEROSA
10,JY,TUBEROSA
10,JY,TUBEROSA
10,JY,TUBEROSA
10,JY,TUBEROSA
10,LP,INCARNATA
10,LP,INCARNATA
10,LP,INCARNATA
10,LP,INCARNATA
10,LP,INCARNATA
10,LP,SYRIACA
10,LP,SYRIACA
10,LP,SYRIACA
10,LP,SYRIACA
10,LP,SYRIACA
10,LP,TUBEROSA
10,ST,INCARNATA
10,ST,INCARNATA
10,ST,INCARNATA
10,ST,INCARNATA
10,ST,INCARNATA
10,ST,SYRIACA
10,ST,SYRIACA
10,ST,SYRIACA
10,ST,SYRIACA
10,ST,SYRIACA
10,ST,TUBEROSA
10,ST,TUBEROSA
10,ST,TUBEROSA
10,ST,TUBEROSA
10,ST,TUBEROSA
10,WE,SYRIACA
10,WE,SYRIACA
10,WE,SYRIACA
10,WE,SYRIACA
10,WE,SYRIACA
10,WE,TUBEROSA
10,WE,TUBEROSA
10,WE,TUBEROSA
10,WE,TUBEROSA
10,WE,TUBEROSA
11,AB,INCARNATA
11,AB,INCARNATA
11,AB,INCARNATA
11,AB,INCARNATA
11,AB,INCARNATA
11,AB,SYRIACA
11,AB,SYRIACA
11,AB,SYRIACA
11,AB,SYRIACA
11,AB,SYRIACA
11,AB,TUBEROSA
11,AB,TUBEROSA
11,AB,TUBEROSA
11,AB,TUBEROSA
11,AB,TUBEROSA
11,AN,INCARNATA
11,AN,INCARNATA
11,AN,INCARNATA
11,AN,INCARNATA
11,AN,INCARNATA
11,AN,SYRIACA
11,AN,SYRIACA
11,AN,SYRIACA
11,AN,SYRIACA
11,AN,SYRIACA
11,AN,TUBEROSA
11,AN,TUBEROSA
11,AN,TUBEROSA
11,AN,TUBEROSA
11,AN,TUBEROSA
11,AW,INCARNATA
11,AW,INCARNATA
11,AW,INCARNATA
11,AW,INCARNATA
11,AW,INCARNATA
11,AW,SYRIACA
11,AW,SYRIACA
11,AW,SYRIACA
11,AW,SYRIACA
11,AW,SYRIACA
11,AW,TUBEROSA
11,AW,TUBEROSA
11,AW,TUBEROSA
11,AW,TUBEROSA
11,AW,TUBEROSA
11,EB,INCARNATA
11,EB,INCARNATA
11,EB,INCARNATA
11,EB,SYRIACA
11,EB,SYRIACA
11,EB,SYRIACA
11,EB,SYRIACA
11,EB,SYRIACA
11,EB,TUBEROSA
11,EB,TUBEROSA
11,EB,TUBEROSA
11,EB,TUBEROSA
11,EB,TUBEROSA
11,HS,INCARNATA
11,HS,SYRIACA
11,HS,SYRIACA
11,HS,SYRIACA
11,HS,SYRIACA
11,HS,SYRIACA
11,HS,TUBEROSA
11,HS,TUBEROSA
11,HS,TUBEROSA
11,HS,TUBEROSA
11,HS,TUBEROSA
11,JY,INCARNATA
11,JY,INCARNATA
11,JY,INCARNATA
11,JY,INCARNATA
11,JY,INCARNATA
11,JY,SYRIACA
11,JY,SYRIACA
11,JY,SYRIACA
11,JY,SYRIACA
11,JY,SYRIACA
11,JY,TUBEROSA
11,JY,TUBEROSA
11,JY,TUBEROSA
11,JY,TUBEROSA
11,JY,TUBEROSA
11,LP,INCARNATA
11,LP,INCARNATA
11,LP,INCARNATA
11,LP,INCARNATA
11,LP,INCARNATA
11,LP,SYRIACA
11,LP,SYRIACA
11,LP,SYRIACA
11,LP,SYRIACA
11,LP,SYRIACA
11,LP,TUBEROSA
11,SH,INCARNATA
11,SH,INCARNATA
11,SH,INCARNATA
11,SH,INCARNATA
11,SH,INCARNATA
11,SH,SYRIACA
11,SH,SYRIACA
11,SH,SYRIACA
11,SH,SYRIACA
11,SH,SYRIACA
11,SH,TUBEROSA
11,SH,TUBEROSA
11,SH,TUBEROSA
11,SH,TUBEROSA
11,SH,TUBEROSA
11,ST,INCARNATA
11,ST,INCARNATA
11,ST,INCARNATA
11,ST,INCARNATA
11,ST,INCARNATA
11,ST,SYRIACA
11,ST,SYRIACA
11,ST,SYRIACA
11,ST,SYRIACA
11,ST,SYRIACA
11,ST,TUBEROSA
11,ST,TUBEROSA
11,ST,TUBEROSA
11,ST,TUBEROSA
11,ST,TUBEROSA
11,WE,SYRIACA
11,WE,SYRIACA
11,WE,SYRIACA
11,WE,SYRIACA
11,WE,SYRIACA
11,WE,TUBEROSA
11,WE,TUBEROSA
11,WE,TUBEROSA
11,WE,TUBEROSA
11,WE,TUBEROSA
12,AB,INCARNATA
12,AB,INCARNATA
12,AB,INCARNATA
12,AB,INCARNATA
12,AB,INCARNATA
12,AB,SYRIACA
12,AB,SYRIACA
12,AB,SYRIACA
12,AB,SYRIACA
12,AB,SYRIACA
12,AB,TUBEROSA
12,AB,TUBEROSA
12,AB,TUBEROSA
12,AB,TUBEROSA
12,AB,TUBEROSA
12,AN,INCARNATA
12,AN,INCARNATA
12,AN,INCARNATA
12,AN,INCARNATA
12,AN,INCARNATA
12,AN,SYRIACA
12,AN,SYRIACA
12,AN,SYRIACA
12,AN,SYRIACA
12,AN,SYRIACA
12,AN,TUBEROSA
12,AN,TUBEROSA
12,AN,TUBEROSA
12,AN,TUBEROSA
12,AN,TUBEROSA
12,AW,INCARNATA
12,AW,INCARNATA
12,AW,INCARNATA
12,AW,INCARNATA
12,AW,INCARNATA
12,AW,SYRIACA
12,AW,SYRIACA
12,AW,SYRIACA
12,AW,SYRIACA
12,AW,SYRIACA
12,AW,TUBEROSA
12,AW,TUBEROSA
12,AW,TUBEROSA
12,AW,TUBEROSA
12,AW,TUBEROSA
12,EB,INCARNATA
12,EB,INCARNATA
12,EB,INCARNATA
12,EB,SYRIACA
12,EB,SYRIACA
12,EB,SYRIACA
12,EB,SYRIACA
12,EB,SYRIACA
12,EB,TUBEROSA
12,EB,TUBEROSA
12,EB,TUBEROSA
12,EB,TUBEROSA
12,EB,TUBEROSA
12,HS,INCARNATA
12,HS,SYRIACA
12,HS,SYRIACA
12,HS,SYRIACA
12,HS,SYRIACA
12,HS,SYRIACA
12,HS,TUBEROSA
12,HS,TUBEROSA
12,HS,TUBEROSA
12,HS,TUBEROSA
12,HS,TUBEROSA
12,JY,INCARNATA
12,JY,INCARNATA
12,JY,INCARNATA
12,JY,INCARNATA
12,JY,INCARNATA
12,JY,SYRIACA
12,JY,SYRIACA
12,JY,SYRIACA
12,JY,SYRIACA
12,JY,SYRIACA
12,JY,TUBEROSA
12,JY,TUBEROSA
12,JY,TUBEROSA
12,JY,TUBEROSA
12,JY,TUBEROSA
12,LP,INCARNATA
12,LP,INCARNATA
12,LP,INCARNATA
12,LP,INCARNATA
12,LP,INCARNATA
12,LP,SYRIACA
12,LP,SYRIACA
12,LP,SYRIACA
12,LP,SYRIACA
12,LP,SYRIACA
12,LP,TUBEROSA
12,SH,INCARNATA
12,SH,INCARNATA
12,SH,INCARNATA
12,SH,INCARNATA
12,SH,INCARNATA
12,SH,SYRIACA
12,SH,SYRIACA
12,SH,SYRIACA
12,SH,SYRIACA
12,SH,SYRIACA
12,SH,TUBEROSA
12,SH,TUBEROSA
12,SH,TUBEROSA
12,SH,TUBEROSA
12,SH,TUBEROSA
12,ST,INCARNATA
12,ST,INCARNATA
12,ST,INCARNATA
12,ST,INCARNATA
12,ST,INCARNATA
12,ST,SYRIACA
12,ST,SYRIACA
12,ST,SYRIACA
12,ST,SYRIACA
12,ST,SYRIACA
12,ST,TUBEROSA
12,ST,TUBEROSA
12,ST,TUBEROSA
12,ST,TUBEROSA
12,ST,TUBEROSA
12,WE,SYRIACA
12,WE,SYRIACA
12,WE,SYRIACA
12,WE,SYRIACA
12,WE,SYRIACA
12,WE,TUBEROSA
12,WE,TUBEROSA
12,WE,TUBEROSA
12,WE,TUBEROSA
12,WE,TUBEROSA
13,AB,INCARNATA
13,AB,INCARNATA
13,AB,INCARNATA
13,AB,INCARNATA
13,AB,INCARNATA
13,AB,SYRIACA
13,AB,SYRIACA
13,AB,SYRIACA
13,AB,SYRIACA
13,AB,SYRIACA
13,AB,TUBEROSA
13,AB,TUBEROSA
13,AB,TUBEROSA
13,AB,TUBEROSA
13,AB,TUBEROSA
13,AN,INCARNATA
13,AN,INCARNATA
13,AN,INCARNATA
13,AN,INCARNATA
13,AN,INCARNATA
13,AN,SYRIACA
13,AN,SYRIACA
13,AN,SYRIACA
13,AN,SYRIACA
13,AN,SYRIACA
13,AN,TUBEROSA
13,AN,TUBEROSA
13,AN,TUBEROSA
13,AN,TUBEROSA
13,AN,TUBEROSA
13,AW,INCARNATA
13,AW,INCARNATA
13,AW,INCARNATA
13,AW,INCARNATA
13,AW,INCARNATA
13,AW,SYRIACA
13,AW,SYRIACA
13,AW,SYRIACA
13,AW,SYRIACA
13,AW,SYRIACA
13,AW,TUBEROSA
13,AW,TUBEROSA
13,AW,TUBEROSA
13,AW,TUBEROSA
13,AW,TUBEROSA
13,EB,INCARNATA
13,EB,INCARNATA
13,EB,INCARNATA
13,EB,SYRIACA
13,EB,SYRIACA
13,EB,SYRIACA
13,EB,SYRIACA
13,EB,SYRIACA
13,EB,TUBEROSA
13,EB,TUBEROSA
13,EB,TUBEROSA
13,EB,TUBEROSA
13,EB,TUBEROSA
13,HS,INCARNATA
13,HS,SYRIACA
13,HS,SYRIACA
13,HS,SYRIACA
13,HS,SYRIACA
13,HS,SYRIACA
13,HS,TUBEROSA
13,HS,TUBEROSA
13,HS,TUBEROSA
13,HS,TUBEROSA
13,HS,TUBEROSA
13,JY,INCARNATA
13,JY,INCARNATA
13,JY,INCARNATA
13,JY,INCARNATA
13,JY,INCARNATA
13,JY,SYRIACA
13,JY,SYRIACA
13,JY,SYRIACA
13,JY,SYRIACA
13,JY,SYRIACA
13,JY,TUBEROSA
13,JY,TUBEROSA
13,JY,TUBEROSA
13,JY,TUBEROSA
13,JY,TUBEROSA
13,LP,INCARNATA
13,LP,INCARNATA
13,LP,INCARNATA
13,LP,INCARNATA
13,LP,INCARNATA
13,LP,SYRIACA
13,LP,SYRIACA
13,LP,SYRIACA
13,LP,SYRIACA
13,LP,SYRIACA
13,LP,TUBEROSA
13,SH,INCARNATA
13,SH,INCARNATA
13,SH,INCARNATA
13,SH,INCARNATA
13,SH,INCARNATA
13,SH,SYRIACA
13,SH,SYRIACA
13,SH,SYRIACA
13,SH,SYRIACA
13,SH,SYRIACA
13,SH,TUBEROSA
13,SH,TUBEROSA
13,SH,TUBEROSA
13,SH,TUBEROSA
13,SH,TUBEROSA
13,ST,INCARNATA
13,ST,INCARNATA
13,ST,INCARNATA
13,ST,INCARNATA
13,ST,INCARNATA
13,ST,SYRIACA
13,ST,SYRIACA
13,ST,SYRIACA
13,ST,SYRIACA
13,ST,SYRIACA
13,ST,TUBEROSA
13,ST,TUBEROSA
13,WE,SYRIACA
13,WE,SYRIACA
13,WE,SYRIACA
13,WE,SYRIACA
13,WE,SYRIACA
13,WE,TUBEROSA
13,WE,TUBEROSA
13,WE,TUBEROSA
13,WE,TUBEROSA
13,WE,TUBEROSA